rank,drug,n_targets,ADRS_v2,C_ACC_pct,S_ACCselective_pct,S_Bneighbor_pct,ACC_potency_pct,NCI60_potency_pct,selectivity_resid,activity_known,Primary_MOA
1,Actinomycin D,12,0.792,0.671,0.888,0.809,0.991,0.981,0.888,1,DNA-Directed RNA Polymerase Inhibitor
2,Afatinib,9,0.765,0.676,0.963,0.574,0.981,0.692,0.963,1,EGFR Inhibitor
3,Trilaciclib,21,0.762,0.719,,0.822,,,,0,
4,Mitomycin,12,0.748,0.845,0.832,0.479,0.860,0.720,0.832,1,DNA Alkylating Agent
5,Crizotinib,17,0.736,0.540,0.944,0.676,0.879,0.617,0.944,1,HGFR Inhibitor
6,Daunorubicin,12,0.716,0.838,0.822,0.374,0.897,0.813,0.822,1,DNA Topoisomerase II Inhibitor
7,Ribociclib,8,0.713,0.529,0.813,0.808,0.692,0.336,0.813,1,CDK4/6 Inhibitor
8,Homoharringtonine,1,0.705,0.491,0.916,0.667,0.972,0.897,0.916,1,Alkaloid
9,Zanubrutinib,11,0.697,0.634,,0.784,,,,0,
10,Arsenic trioxide,22,0.696,0.712,,0.673,,,,0,
11,Romidepsin,1,0.674,0.469,0.860,0.664,0.963,0.953,0.860,1,HDAC Inhibitor
12,Ibrutinib,13,0.674,0.489,0.850,0.649,0.757,0.467,0.850,1,BTK Inhibitor
13,Olaparib,1,0.670,0.618,0.925,0.336,0.654,0.131,0.925,1,PARP Inhibitor
14,Irinotecan,11,0.670,0.627,0.953,0.278,0.804,0.280,0.953,1,DNA Topoisomerase I Inhibitor
15,Cobimetinib,29,0.670,0.367,0.897,0.730,0.907,0.766,0.897,1,Mek Inhibitor
16,Cytarabine,9,0.669,0.863,0.785,0.212,0.664,0.299,0.785,1,DNA Polymerase Inhibitor
17,Docetaxel,12,0.664,0.761,0.794,0.317,0.935,0.916,0.794,1,Tubulin depolymerization Inhibitor
18,Ceritinib,12,0.662,0.747,0.645,0.570,0.701,0.645,0.645,1,ALK Inhibitor
19,Brigatinib,8,0.660,0.711,0.879,0.238,0.832,0.607,0.879,1,IGF-1R Inhibitor
20,Celecoxib,2,0.657,0.555,0.991,0.266,0.953,0.234,0.991,1,Cyclooxygenase-2 Inhibitor
21,Mitotane,1,0.654,0.480,0.869,0.552,0.673,0.243,0.869,1,Antineoplastic Agent
22,Belinostat,5,0.650,0.799,0.766,0.254,0.841,0.748,0.766,1,HDAC Inhibitor
23,Ixazomib,5,0.650,0.851,0.738,0.225,0.869,0.869,0.738,1,Proteasome Inhibitor
24,Tucatinib,2,0.641,0.490,0.720,0.725,0.607,0.271,0.720,1,HER2 Inhibitor
25,Axitinib,1,0.640,0.436,0.935,0.454,0.748,0.318,0.935,1,VEGFR-1/2/3 Inhibitor
26,Osimertinib,2,0.638,0.400,0.804,0.705,0.813,0.626,0.804,1,EGFR (Thr790Met Mutant) Inhibitor
27,tepotinib,6,0.635,0.692,,0.555,,,,0,
28,Palbociclib,26,0.628,0.662,0.607,0.614,0.579,0.458,0.607,1,CDK4/6 Inhibitor
29,Fluorouracil,12,0.628,0.866,0.636,0.282,0.495,0.215,0.636,1,Pyrimidine Antagonist
30,Binimetinib,23,0.627,0.152,0.972,0.741,1.000,0.514,0.972,1,Mek 1/2 Inhibitor
31,Bosutinib,1,0.621,0.474,0.757,0.609,0.766,0.579,0.757,1,Bcr-Abl Inhibitor
32,Abemaciclib,5,0.617,0.770,0.692,0.283,0.738,0.664,0.692,1,CDK4/6 Inhibitor
33,Carmustine,29,0.614,0.451,0.748,0.630,0.551,0.093,0.748,1,DNA Alkylating Agent
34,Paclitaxel,10,0.613,0.788,0.598,0.391,0.785,0.972,0.598,1,Tubulin depolymerization Inhibitor
35,Erlotinib,11,0.612,0.662,0.486,0.743,0.467,0.383,0.486,1,EGFR Inhibitor
36,Idarubicin,11,0.610,0.641,0.626,0.542,0.776,0.907,0.626,1,DNA Topoisomerase II Inhibitor
37,Lapatinib,1,0.607,0.477,0.710,0.626,0.682,0.477,0.710,1,EGFR Inhibitor
38,Carfilzomib,9,0.607,0.237,0.776,0.855,0.925,0.925,0.776,1,Proteasome Inhibitor
39,Pipobroman,3,0.603,0.776,,0.362,,,,0,
40,Trametinib,22,0.597,0.161,0.841,0.816,0.888,0.785,0.841,1,Mek 1/2 Inhibitor
41,Tivozanib,1,0.590,0.431,0.729,,0.710,0.505,0.729,1,
42,Chlorambucil,6,0.589,0.265,1.000,0.383,0.944,0.103,1.000,1,DNA Alkylating Agent
43,Ixabepilone,11,0.587,0.868,0.308,0.639,0.570,1.000,0.308,1,Microtubule-Stabilizing Agents
44,Melphalan,6,0.584,0.229,0.981,0.445,0.916,0.187,0.981,1,DNA Alkylating Agent
45,Acalabrutinib,1,0.580,0.545,0.561,0.661,0.383,0.121,0.561,1,BTK Inhibitor
46,Etoposide,7,0.577,0.762,0.355,0.672,0.336,0.355,0.355,1,DNA Topoisomerase II Inhibitor
47,Avapritinib,2,0.574,0.685,,0.418,,,,0,
48,Mercaptopurine,27,0.573,0.776,0.579,0.279,0.533,0.402,0.579,1,Purine Antagonist
49,Tamoxifen,18,0.572,0.562,0.495,0.707,0.486,0.421,0.495,1,Selective Estrogen Receptor Modulators (SERM)
50,Nilotinib,14,0.570,0.575,0.654,0.428,0.645,0.495,0.654,1,Bcr-Abl Inhibitor
51,Doxorubicin,1,0.561,0.661,0.411,0.658,0.589,0.841,0.411,1,DNA Topoisomerase II Inhibitor
52,Epirubicin,4,0.553,0.757,0.393,0.522,0.561,0.794,0.393,1,DNA Topoisomerase II Inhibitor
53,Panobinostat,1,0.549,0.509,0.673,0.407,0.850,0.944,0.673,1,HDAC Inhibitor
54,Sunitinib,3,0.549,0.668,0.336,0.721,0.393,0.533,0.336,1,VEGFR-1/2/3 Inhibitor
55,Fulvestrant,2,0.547,0.559,0.701,0.283,0.505,0.084,0.701,1,Estrogen Receptor Antagonist
56,Selumetinib,27,0.536,0.352,0.533,0.798,0.514,0.449,0.533,1,
57,Talazoparib,2,0.521,0.539,,0.496,,,,0,
58,Vandetanib,6,0.519,0.125,0.907,0.451,0.822,0.551,0.907,1,EGFR Inhibitor
59,Decitabine,1,0.507,0.542,0.458,0.538,0.290,0.056,0.458,1,DNA Methyltransferase (DNMT) Inhibitor
60,Dasatinib,25,0.506,0.549,0.523,0.417,0.636,0.757,0.523,1,Bcr-Abl Inhibitor
61,Fedratinib,2,0.505,0.360,,0.709,,,,0,
62,Hydroxyurea,7,0.495,0.756,0.383,0.309,0.224,0.000,0.383,1,Ribonucleoside-Diphosphate Reductase Inhibitor
63,Darolutamide,8,0.495,0.263,0.682,0.520,0.523,0.159,0.682,1,Androgen Receptor Antagonist
64,Vorinostat,18,0.495,0.394,0.570,0.515,0.626,0.654,0.570,1,HDAC Inhibitor
65,Selinexor,3,0.492,0.234,0.664,0.579,0.794,0.832,0.664,1,Exportin-1 Antagonist
66,Dacomitinib,9,0.479,0.131,0.551,0.849,0.617,0.682,0.551,1,EGFR Inhibitor
67,Estramustine,7,0.477,0.320,0.617,0.474,0.449,0.140,0.617,1,DNA Alkylating Agent
68,Lomustine,27,0.477,0.269,0.467,0.782,0.364,0.168,0.467,1,DNA Alkylating Agent
69,Asciminib,3,0.475,0.537,0.364,0.564,0.318,0.290,0.364,1,Bcr-Abl Inhibitor
70,Dexrazoxane,18,0.474,0.306,0.430,0.780,0.252,0.028,0.430,1,DNA Topoisomerase II Inhibitor
71,Gemcitabine,4,0.461,0.812,0.252,0.303,0.421,0.804,0.252,1,Ribonucleotide reductase Inhibitor
72,Imatinib,5,0.459,0.404,0.477,0.506,0.402,0.252,0.477,1,Bcr-Abl Inhibitor
73,Sirolimus,2,0.457,0.506,0.514,0.295,0.720,0.963,0.514,1,mTOR Inhibitor
74,Duvelisib,6,0.456,0.210,0.505,0.721,0.439,0.308,0.505,1,PI3Kd/g Inhibitor
75,Allopurinol,13,0.450,0.736,0.374,0.173,0.206,0.009,0.374,1,Xanthine Oxidase Inhibitor
76,Dacarbazine,15,0.448,0.303,0.542,0.500,0.355,0.065,0.542,1,DNA Alkylating Agent
77,Neratinib,6,0.446,0.655,0.009,0.850,0.084,0.729,0.009,1,EGFR Inhibitor
78,Cyclophosphamide,16,0.444,0.663,0.318,0.340,0.159,0.019,0.318,1,Bcl-2 Expression Inhibitor
79,Venetoclax,5,0.439,0.515,0.243,0.646,0.308,0.542,0.243,1,Bcl-2 Inhibitor
80,Dabrafenib,40,0.435,0.713,0.093,0.594,0.075,0.393,0.093,1,Raf kinase B Inhibitor
81,Tioguanine,16,0.434,0.901,0.047,0.398,0.121,0.636,0.047,1,Purine Antagonist
82,Encorafenib,15,0.432,0.461,0.215,0.739,0.215,0.411,0.215,1,Raf Kinase Inhibitor B (V600E Mutant)
83,Topotecan,2,0.432,0.331,0.421,0.590,0.598,0.860,0.421,1,DNA Topoisomerase I Inhibitor
84,Azacitidine,1,0.426,0.583,0.346,0.333,0.458,0.673,0.346,1,DNA Methyltransferase (DNMT) Inhibitor
85,Raloxifene,14,0.425,0.582,0.112,0.708,0.093,0.346,0.112,1,Selective Estrogen Receptor Modulators (SERM)
86,Erdafitinib,10,0.419,0.768,0.178,0.316,0.168,0.439,0.178,1,FGFR 1/2/3/4 Inhibitor
87,Pemetrexed,2,0.418,0.738,0.140,0.414,0.112,0.374,0.140,1,Thymidylate synthase Inhibitor
88,Temsirolimus,1,0.406,0.501,0.234,0.549,0.411,0.822,0.234,1,mTOR Inhibitor
89,Everolimus,11,0.406,0.352,0.589,0.188,0.729,0.850,0.589,1,mTOR inhibitor
90,Cabozantinib,1,0.405,0.439,0.224,0.648,0.280,0.523,0.224,1,VEGFR-2 Inhibitor
91,Oxaliplatin,31,0.401,0.794,0.019,0.462,0.019,0.486,0.019,1,DNA Alkylating Agent
92,Triethylenemelamine,3,0.400,0.410,,0.387,,,,0,
93,Lorlatinib,2,0.400,0.417,0.327,0.492,0.243,0.196,0.327,1,ROS1/ALK Inhibitor
94,Carboplatin,7,0.395,0.301,0.439,0.455,0.271,0.037,0.439,1,DNA Alkylating Agent
95,Trifluridine,6,0.393,0.808,0.056,0.352,0.009,0.364,0.056,1,thymidylate synthase Inhibitor
96,Gilteritinib,1,0.391,0.466,0.299,0.432,0.374,0.589,0.299,1,
97,Methotrexate,27,0.389,0.837,0.000,0.386,0.103,0.776,0.000,1,Dihydrofolate Reductase (DHFR) Inhibitor
98,Thiotepa,3,0.375,0.424,0.271,0.470,0.140,0.075,0.271,1,Cytochrome P450 Oxidase Inhibitor
99,Vinblastine,9,0.366,0.231,0.196,0.829,0.430,0.991,0.196,1,Tubulin polymerization inhibitor
100,Teniposide,8,0.360,0.471,0.037,0.723,0.150,0.710,0.037,1,DNA Topoisomerase II Inhibitor
101,Pralatrexate,2,0.360,0.750,0.028,0.344,0.196,0.888,0.028,1,Dihydrofolate Reductase (DHFR) Inhibitors
102,Ifosfamide,17,0.357,0.118,,0.691,,,,0,
103,Sonidegib,4,0.348,0.324,0.084,0.806,0.037,0.327,0.084,1,Smo Receptor Antagonist
104,Vemurafenib,22,0.343,0.221,0.206,0.733,0.262,0.561,0.206,1,Raf kinase B Inhibitor
105,Clofarabine,2,0.342,0.571,0.187,0.270,0.299,0.701,0.187,1,DNA Polymerase Inhibitor
106,Mitoxantrone,6,0.337,0.284,0.262,0.531,0.477,0.879,0.262,1,DNA Topoisomerase II Inhibitor
107,Uracil mustard,5,0.336,0.189,,0.541,,,,0,
108,Vinorelbine,1,0.312,0.499,0.131,0.339,0.346,0.935,0.131,1,
109,Fludarabine,4,0.304,0.226,0.449,0.183,0.327,0.150,0.449,1,Purine Antagonist
110,Valrubicin,11,0.304,0.111,0.402,0.417,0.542,0.738,0.402,1,DNA Topoisomerase II Inhibitor
111,Selpercatinib,37,0.297,0.396,,0.158,,,,0,
112,Cisplatin,6,0.292,0.149,0.103,0.795,0.178,0.570,0.103,1,DNA Alkylating Agent
113,Cladribine,3,0.281,0.561,0.065,0.234,0.056,0.430,0.065,1,Adenosine Deaminase Inhibitor
114,Nitrogen mustard,16,0.278,0.077,,0.558,,,,0,
115,Sotorasib,4,0.272,0.270,,0.276,,,,0,
116,Idelalisib,9,0.253,0.098,0.290,0.413,0.234,0.262,0.290,1,PI3Kdelta Inhibitor
117,umbralisib,5,0.243,0.305,0.150,0.307,0.065,0.206,0.150,1,Casein Kinase 1 Inhibitor
118,Pemigatinib,10,0.238,0.300,,0.152,,,,0,
119,Bleomycin,16,0.232,0.424,0.075,0.216,0.131,0.598,0.075,1,glycopeptide antibiotic
120,Pralsetinib,59,0.157,0.111,,0.223,,,,0,
121,Abiraterone,39,0.156,0.040,0.280,0.118,0.187,0.178,0.280,1,Androgen Biosynthesis Inhibitor
122,Zoledronate,20,0.149,0.178,0.159,0.090,0.000,0.047,0.159,1,Farnesyl Pyrophosphate Synthase Inhibitor
123,Fruquintinib,31,0.145,0.130,0.168,0.130,0.028,0.112,0.168,1,VEGFR-1/2/3 Inhibitor
124,Lenvatinib,18,0.121,0.123,0.121,0.116,0.047,0.224,0.121,1,VEGFR-1/2/3 Inhibitor
