rank,drug,n_assoc,ADRS_primary,C_ACC_pct,ACCrelative_resid_pct,S_external,ext_only_note,Primary_MOA,rank_exploratory_withBnb
1,Irinotecan,11,0.790,0.772,0.953,0.50,,DNA Topoisomerase I Inhibitor,6
2,Daunorubicin,12,0.764,0.838,0.822,0.50,,DNA Topoisomerase II Inhibitor,7
3,Mitomycin,12,0.762,0.824,0.832,0.50,,DNA Alkylating Agent,5
4,Cytarabine,9,0.762,0.869,0.785,0.50,,DNA Polymerase Inhibitor,13
5,Mitotane,1,0.758,0.526,0.869,1.00,,Antineoplastic Agent,3
6,Actinomycin D,12,0.742,0.692,0.888,0.55,,DNA-Directed RNA Polymerase Inhibitor,1
7,Brigatinib,8,0.736,0.711,0.879,0.50,,IGF-1R Inhibitor,17
8,Ixazomib,5,0.736,0.851,0.738,0.50,,Proteasome Inhibitor,21
9,Crizotinib,17,0.732,0.635,0.944,0.50,,HGFR Inhibitor,2
10,Docetaxel,12,0.730,0.782,0.794,0.50,,Tubulin depolymerization Inhibitor,14
11,Belinostat,5,0.728,0.805,0.766,0.50,,HDAC Inhibitor,20
12,Abemaciclib,5,0.711,0.811,0.692,0.55,,CDK4/6 Inhibitor,25
13,Celecoxib,2,0.707,0.526,0.991,0.50,,Cyclooxygenase-2 Inhibitor,23
14,Olaparib,1,0.693,0.558,0.925,0.50,,PARP Inhibitor,22
15,Fluorouracil,12,0.692,0.845,0.636,0.50,,Pyrimidine Antagonist,31
16,Pipobroman,3,0.690,0.785,,0.50,,,38
17,Arsenic trioxide,22,0.681,0.772,,0.50,,,9
18,Ibrutinib,13,0.678,0.595,0.850,0.50,,BTK Inhibitor,10
19,Homoharringtonine,1,0.676,0.523,0.916,0.50,,Alkaloid,8
20,Axitinib,1,0.674,0.501,0.935,0.50,,VEGFR-1/2/3 Inhibitor,18
21,Mercaptopurine,27,0.663,0.829,0.579,0.50,,Purine Antagonist,40
22,tepotinib,6,0.657,0.735,,0.50,,,26
23,Paclitaxel,10,0.654,0.788,0.598,0.50,,Tubulin depolymerization Inhibitor,33
24,Palbociclib,26,0.653,0.700,0.607,0.65,,CDK4/6 Inhibitor,16
25,Romidepsin,1,0.652,0.520,0.860,0.50,,HDAC Inhibitor,11
26,Trilaciclib,21,0.651,0.726,,0.50,,,4
27,Ceritinib,12,0.646,0.720,0.645,0.50,,ALK Inhibitor,24
28,Nilotinib,14,0.634,0.681,0.654,0.50,,Bcr-Abl Inhibitor,37
29,Idarubicin,11,0.632,0.703,0.626,0.50,,DNA Topoisomerase II Inhibitor,29
30,Chlorambucil,6,0.626,0.314,1.000,0.50,,DNA Alkylating Agent,35
31,Cobimetinib,29,0.612,0.382,0.897,0.50,,Mek Inhibitor,15
32,Bosutinib,1,0.608,0.512,0.757,0.50,,Bcr-Abl Inhibitor,27
33,Melphalan,6,0.606,0.284,0.981,0.50,,DNA Alkylating Agent,36
34,Zanubrutinib,11,0.603,0.655,,0.50,,,12
35,Tivozanib,1,0.590,0.496,0.729,0.50,,,34
36,Lapatinib,1,0.590,0.515,0.710,0.50,,EGFR Inhibitor,32
37,Panobinostat,1,0.583,0.534,0.673,0.50,,HDAC Inhibitor,49
38,Fulvestrant,2,0.580,0.498,0.701,0.50,,Estrogen Receptor Antagonist,58
39,Etoposide,7,0.577,0.737,0.355,0.70,,DNA Topoisomerase II Inhibitor,44
40,Ribociclib,8,0.576,0.328,0.813,0.60,,CDK4/6 Inhibitor,19
41,Tucatinib,2,0.576,0.470,0.720,0.50,,HER2 Inhibitor,28
42,Hydroxyurea,7,0.573,0.800,0.383,0.50,,Ribonucleoside-Diphosphate Reductase Inhibitor,59
43,Osimertinib,2,0.573,0.453,0.804,0.35,,EGFR (Thr790Met Mutant) Inhibitor,30
44,Epirubicin,4,0.567,0.774,0.393,0.50,,DNA Topoisomerase II Inhibitor,52
45,Doxorubicin,1,0.567,0.656,0.411,0.70,,DNA Topoisomerase II Inhibitor,43
46,Carmustine,29,0.558,0.397,0.748,0.50,,DNA Alkylating Agent,39
47,Avapritinib,2,0.555,0.583,,0.50,,,60
48,Gemcitabine,4,0.553,0.806,0.252,0.65,,Ribonucleotide reductase Inhibitor,64
49,Vandetanib,6,0.552,0.223,0.907,0.50,,EGFR Inhibitor,51
50,Allopurinol,13,0.550,0.750,0.374,0.50,,Xanthine Oxidase Inhibitor,72
51,Ixabepilone,11,0.548,0.813,0.308,0.50,,Microtubule-Stabilizing Agents,48
52,Acalabrutinib,1,0.541,0.542,0.561,0.50,,BTK Inhibitor,47
53,Tamoxifen,18,0.540,0.606,0.495,0.50,,Selective Estrogen Receptor Modulators (SERM),45
54,Afatinib,9,0.538,0.257,0.963,0.25,,EGFR Inhibitor,46
55,Cyclophosphamide,16,0.524,0.742,0.318,0.50,,Bcl-2 Expression Inhibitor,68
56,Selinexor,3,0.518,0.380,0.664,0.50,,Exportin-1 Antagonist,56
57,Binimetinib,23,0.508,0.047,0.972,0.50,,Mek 1/2 Inhibitor,42
58,Decitabine,1,0.501,0.545,0.458,0.50,,DNA Methyltransferase (DNMT) Inhibitor,61
59,Erlotinib,11,0.499,0.662,0.486,0.20,,EGFR Inhibitor,53
60,Sirolimus,2,0.495,0.474,0.514,0.50,,mTOR Inhibitor,76
61,Carfilzomib,9,0.492,0.204,0.776,0.50,,Proteasome Inhibitor,41
62,Talazoparib,2,0.491,0.486,,0.50,,,63
63,Selpercatinib,37,0.477,0.465,,0.50,,,100
64,Tioguanine,16,0.476,0.894,0.047,0.50,,Purine Antagonist,80
65,Selumetinib,27,0.475,0.405,0.533,0.50,,,54
66,Cabozantinib,1,0.471,0.504,0.224,0.90,,VEGFR-2 Inhibitor,62
67,Lomustine,27,0.470,0.458,0.467,0.50,,DNA Alkylating Agent,57
68,Darolutamide,8,0.465,0.230,0.682,0.50,,Androgen Receptor Antagonist,66
69,Fedratinib,2,0.461,0.441,,0.50,,,55
70,Azacitidine,1,0.460,0.553,0.346,0.50,,DNA Methyltransferase (DNMT) Inhibitor,82
71,Trametinib,22,0.459,0.057,0.841,0.50,,Mek 1/2 Inhibitor,50
72,Dasatinib,25,0.456,0.368,0.523,0.50,,Bcr-Abl Inhibitor,79
73,Pemetrexed,2,0.453,0.742,0.140,0.50,,Thymidylate synthase Inhibitor,81
74,Estramustine,7,0.452,0.263,0.617,0.50,,DNA Alkylating Agent,73
75,Erdafitinib,10,0.448,0.693,0.178,0.50,,FGFR 1/2/3/4 Inhibitor,93
76,Trifluridine,6,0.448,0.814,0.056,0.50,,thymidylate synthase Inhibitor,92
77,Dabrafenib,40,0.444,0.767,0.093,0.50,,Raf kinase B Inhibitor,77
78,Topotecan,2,0.442,0.433,0.421,0.50,,DNA Topoisomerase I Inhibitor,70
79,Imatinib,5,0.438,0.369,0.477,0.50,,Bcr-Abl Inhibitor,75
80,Triethylenemelamine,3,0.437,0.405,,0.50,,,83
81,Encorafenib,15,0.436,0.626,0.215,0.50,,Raf Kinase Inhibitor B (V600E Mutant),65
82,Methotrexate,27,0.435,0.837,0.000,0.50,,Dihydrofolate Reductase (DHFR) Inhibitor,96
83,Oxaliplatin,31,0.434,0.817,0.019,0.50,,DNA Alkylating Agent,89
84,Asciminib,3,0.429,0.459,0.364,0.50,,Bcr-Abl Inhibitor,78
85,Gilteritinib,1,0.422,0.507,0.299,0.50,,,91
86,Everolimus,11,0.419,0.208,0.589,0.50,,mTOR inhibitor,99
87,Fludarabine,4,0.418,0.346,0.449,0.50,,Purine Antagonist,104
88,Raloxifene,14,0.414,0.674,0.112,0.50,,Selective Estrogen Receptor Modulators (SERM),74
89,Lorlatinib,2,0.414,0.457,0.327,0.50,,ROS1/ALK Inhibitor,85
90,Sunitinib,3,0.411,0.517,0.336,0.35,,VEGFR-1/2/3 Inhibitor,71
91,Pralatrexate,2,0.411,0.750,0.028,0.50,,Dihydrofolate Reductase (DHFR) Inhibitors,101
92,Carboplatin,7,0.411,0.288,0.439,0.60,,DNA Alkylating Agent,86
93,Duvelisib,6,0.406,0.259,0.505,0.50,,PI3Kd/g Inhibitor,69
94,Temsirolimus,1,0.405,0.528,0.234,0.50,,mTOR Inhibitor,84
95,Sotorasib,4,0.401,0.351,,0.50,,,107
96,Vorinostat,18,0.386,0.145,0.570,0.50,,HDAC Inhibitor,88
97,Dacomitinib,9,0.381,0.151,0.551,0.50,,EGFR Inhibitor,67
98,Dacarbazine,15,0.375,0.145,0.542,0.50,,DNA Alkylating Agent,94
99,Thiotepa,3,0.372,0.410,0.271,0.50,,Cytochrome P450 Oxidase Inhibitor,97
100,Clofarabine,2,0.371,0.490,0.187,0.50,,DNA Polymerase Inhibitor,110
101,Uracil mustard,5,0.367,0.300,,0.50,,,87
102,Vinorelbine,1,0.365,0.531,0.131,0.50,,,109
103,Venetoclax,5,0.347,0.375,0.243,0.50,,Bcl-2 Inhibitor,95
104,Mitoxantrone,6,0.326,0.302,0.262,0.50,,DNA Topoisomerase II Inhibitor,105
105,Dexrazoxane,18,0.324,0.130,0.430,0.50,,DNA Topoisomerase II Inhibitor,90
106,Valrubicin,11,0.311,0.125,0.402,0.50,,DNA Topoisomerase II Inhibitor,112
107,Cladribine,3,0.308,0.454,0.065,0.50,,Adenosine Deaminase Inhibitor,117
108,Vemurafenib,22,0.306,0.310,0.206,0.50,,Raf kinase B Inhibitor,98
109,Fruquintinib,31,0.304,0.343,0.168,0.50,,VEGFR-1/2/3 Inhibitor,118
110,Pemigatinib,10,0.303,0.205,,0.50,,,119
111,umbralisib,5,0.292,0.329,0.150,0.50,,Casein Kinase 1 Inhibitor,116
112,Sonidegib,4,0.283,0.373,0.084,0.50,,Smo Receptor Antagonist,102
113,Cisplatin,6,0.282,0.253,0.103,0.70,,DNA Alkylating Agent,103
114,Idelalisib,9,0.279,0.157,0.290,0.50,,PI3Kdelta Inhibitor,115
115,Vinblastine,9,0.252,0.184,0.196,0.50,,Tubulin polymerization inhibitor,106
116,Nitrogen mustard,16,0.233,0.099,,0.50,,,113
117,Neratinib,6,0.227,0.308,0.009,0.50,,EGFR Inhibitor,111
118,Abiraterone,39,0.222,0.024,0.280,0.50,,Androgen Biosynthesis Inhibitor,121
119,Pralsetinib,59,0.219,0.079,,0.50,,,120
120,Ifosfamide,17,0.216,0.074,,0.50,,,108
121,Teniposide,8,0.215,0.250,0.037,0.50,,DNA Topoisomerase II Inhibitor,114
122,Zoledronate,20,0.196,0.082,0.159,0.50,,Farnesyl Pyrophosphate Synthase Inhibitor,123
123,Bleomycin,16,0.196,0.164,0.075,0.50,,glycopeptide antibiotic,122
124,Lenvatinib,18,0.190,0.079,0.121,0.55,,VEGFR-1/2/3 Inhibitor,124
