rank,drug,n_assoc,ADRS_final,ADRS_v2,C_ACC_pct,ACCrelative_resid_pct,S_Bneighbor_pct,S_external,ext_dir,Primary_MOA,rank_induced_v3
1,Actinomycin D,12,0.761,0.798,0.692,0.888,0.802,0.55,positive,DNA-Directed RNA Polymerase Inhibitor,1
2,Crizotinib,17,0.729,0.770,0.635,0.944,0.669,0.50,,HGFR Inhibitor,4
3,Mitotane,1,0.723,0.675,0.526,0.869,0.557,1.00,positive,Antineoplastic Agent,3
4,Trilaciclib,21,0.706,0.768,0.726,,0.829,0.50,,,5
5,Mitomycin,12,0.705,0.741,0.824,0.832,0.458,0.50,,DNA Alkylating Agent,2
6,Irinotecan,11,0.697,0.732,0.772,0.953,0.285,0.50,,DNA Topoisomerase I Inhibitor,10
7,Daunorubicin,12,0.688,0.721,0.838,0.822,0.367,0.50,,DNA Topoisomerase II Inhibitor,8
8,Homoharringtonine,1,0.686,0.719,0.523,0.916,0.667,0.50,,Alkaloid,9
9,Arsenic trioxide,22,0.683,0.738,0.772,,0.688,0.50,,,12
10,Ibrutinib,13,0.674,0.705,0.595,0.850,0.614,0.50,,BTK Inhibitor,16
11,Romidepsin,1,0.665,0.694,0.520,0.860,0.664,0.50,,HDAC Inhibitor,14
12,Zanubrutinib,11,0.655,0.701,0.655,,0.770,0.50,,,15
13,Cytarabine,9,0.654,0.681,0.869,0.785,0.218,0.50,,DNA Polymerase Inhibitor,13
14,Docetaxel,12,0.651,0.678,0.782,0.794,0.317,0.50,,Tubulin depolymerization Inhibitor,18
15,Cobimetinib,29,0.650,0.676,0.382,0.897,0.730,0.50,,Mek Inhibitor,17
16,Palbociclib,26,0.648,0.647,0.700,0.607,0.637,0.65,positive,CDK4/6 Inhibitor,24
17,Brigatinib,8,0.643,0.669,0.711,0.879,0.238,0.50,,IGF-1R Inhibitor,19
18,Axitinib,1,0.643,0.668,0.501,0.935,0.454,0.50,,VEGFR-1/2/3 Inhibitor,25
19,Ribociclib,8,0.636,0.642,0.328,0.813,0.815,0.60,positive,CDK4/6 Inhibitor,6
20,Belinostat,5,0.634,0.658,0.805,0.766,0.248,0.50,,HDAC Inhibitor,22
21,Ixazomib,5,0.634,0.657,0.851,0.738,0.225,0.50,,Proteasome Inhibitor,23
22,Olaparib,1,0.634,0.657,0.558,0.925,0.336,0.50,,PARP Inhibitor,11
23,Celecoxib,2,0.633,0.656,0.526,0.991,0.266,0.50,,Cyclooxygenase-2 Inhibitor,20
24,Ceritinib,12,0.631,0.654,0.720,0.645,0.570,0.50,,ALK Inhibitor,21
25,Abemaciclib,5,0.624,0.638,0.811,0.692,0.283,0.55,positive,CDK4/6 Inhibitor,28
26,tepotinib,6,0.623,0.661,0.735,,0.549,0.50,,,30
27,Bosutinib,1,0.615,0.636,0.512,0.757,0.609,0.50,,Bcr-Abl Inhibitor,31
28,Tucatinib,2,0.613,0.633,0.470,0.720,0.725,0.50,,HER2 Inhibitor,26
29,Idarubicin,11,0.612,0.632,0.703,0.626,0.535,0.50,,DNA Topoisomerase II Inhibitor,35
30,Osimertinib,2,0.611,0.657,0.453,0.804,0.705,0.35,negative,EGFR (Thr790Met Mutant) Inhibitor,34
31,Fluorouracil,12,0.606,0.625,0.845,0.636,0.275,0.50,,Pyrimidine Antagonist,27
32,Lapatinib,1,0.603,0.621,0.515,0.710,0.626,0.50,,EGFR Inhibitor,37
33,Paclitaxel,10,0.599,0.616,0.788,0.598,0.391,0.50,,Tubulin depolymerization Inhibitor,32
34,Tivozanib,1,0.599,0.621,0.496,0.729,,0.50,,,44
35,Chlorambucil,6,0.597,0.614,0.314,1.000,0.389,0.50,,DNA Alkylating Agent,40
36,Nilotinib,14,0.593,0.609,0.681,0.654,0.421,0.50,,Bcr-Abl Inhibitor,48
37,Melphalan,6,0.592,0.609,0.284,0.981,0.445,0.50,,DNA Alkylating Agent,43
38,Pipobroman,3,0.588,0.614,0.785,,0.357,0.50,,,39
39,Carmustine,29,0.582,0.596,0.397,0.748,0.630,0.50,,DNA Alkylating Agent,33
40,Mercaptopurine,27,0.581,0.595,0.829,0.579,0.271,0.50,,Purine Antagonist,47
41,Carfilzomib,9,0.579,0.593,0.204,0.776,0.855,0.50,,Proteasome Inhibitor,38
42,Binimetinib,23,0.578,0.591,0.047,0.972,0.741,0.50,,Mek 1/2 Inhibitor,29
43,Doxorubicin,1,0.577,0.556,0.656,0.411,0.658,0.70,positive,DNA Topoisomerase II Inhibitor,42
44,Etoposide,7,0.576,0.554,0.737,0.355,0.628,0.70,positive,DNA Topoisomerase II Inhibitor,36
45,Tamoxifen,18,0.572,0.584,0.606,0.495,0.707,0.50,,Selective Estrogen Receptor Modulators (SERM),50
46,Afatinib,9,0.568,0.624,0.257,0.963,0.580,0.25,negative,EGFR Inhibitor,7
47,Acalabrutinib,1,0.566,0.578,0.542,0.561,0.661,0.50,,BTK Inhibitor,46
48,Ixabepilone,11,0.560,0.571,0.813,0.308,0.666,0.50,,Microtubule-Stabilizing Agents,45
49,Panobinostat,1,0.552,0.561,0.534,0.673,0.407,0.50,,HDAC Inhibitor,52
50,Trametinib,22,0.549,0.558,0.057,0.841,0.816,0.50,,Mek 1/2 Inhibitor,41
51,Vandetanib,6,0.549,0.558,0.223,0.907,0.451,0.50,,EGFR Inhibitor,56
52,Epirubicin,4,0.549,0.557,0.774,0.393,0.522,0.50,,DNA Topoisomerase II Inhibitor,54
53,Erlotinib,11,0.547,0.608,0.662,0.486,0.743,0.20,negative,EGFR Inhibitor,51
54,Selumetinib,27,0.546,0.554,0.405,0.533,0.813,0.50,,,55
55,Fedratinib,2,0.538,0.550,0.441,,0.713,0.50,,,61
56,Selinexor,3,0.536,0.543,0.380,0.664,0.574,0.50,,Exportin-1 Antagonist,65
57,Lomustine,27,0.534,0.540,0.458,0.467,0.790,0.50,,DNA Alkylating Agent,70
58,Fulvestrant,2,0.526,0.531,0.498,0.701,0.283,0.50,,Estrogen Receptor Antagonist,53
59,Hydroxyurea,7,0.514,0.516,0.800,0.383,0.321,0.50,,Ribonucleoside-Diphosphate Reductase Inhibitor,62
60,Avapritinib,2,0.508,0.511,0.583,,0.402,0.50,,,49
61,Decitabine,1,0.506,0.507,0.545,0.458,0.536,0.50,,DNA Methyltransferase (DNMT) Inhibitor,60
62,Cabozantinib,1,0.494,0.423,0.504,0.224,0.648,0.90,positive,VEGFR-2 Inhibitor,71
63,Talazoparib,2,0.492,0.490,0.486,,0.496,0.50,,,57
64,Gemcitabine,4,0.488,0.460,0.806,0.252,0.303,0.65,positive,Ribonucleotide reductase Inhibitor,66
65,Encorafenib,15,0.486,0.483,0.626,0.215,0.739,0.50,,Raf Kinase Inhibitor B (V600E Mutant),85
66,Darolutamide,8,0.485,0.483,0.230,0.682,0.513,0.50,,Androgen Receptor Antagonist,63
67,Dacomitinib,9,0.482,0.478,0.151,0.551,0.842,0.50,,EGFR Inhibitor,68
68,Cyclophosphamide,16,0.477,0.473,0.742,0.318,0.340,0.50,,Bcl-2 Expression Inhibitor,78
69,Duvelisib,6,0.474,0.469,0.259,0.505,0.721,0.50,,PI3Kd/g Inhibitor,76
70,Topotecan,2,0.470,0.465,0.433,0.421,0.590,0.50,,DNA Topoisomerase I Inhibitor,83
71,Sunitinib,3,0.470,0.491,0.517,0.336,0.721,0.35,negative,VEGFR-1/2/3 Inhibitor,58
72,Allopurinol,13,0.466,0.459,0.750,0.374,0.173,0.50,,Xanthine Oxidase Inhibitor,75
73,Estramustine,7,0.465,0.458,0.263,0.617,0.474,0.50,,DNA Alkylating Agent,67
74,Raloxifene,14,0.458,0.451,0.674,0.112,0.708,0.50,,Selective Estrogen Receptor Modulators (SERM),87
75,Imatinib,5,0.456,0.448,0.369,0.477,0.518,0.50,,Bcr-Abl Inhibitor,74
76,Sirolimus,2,0.456,0.448,0.474,0.514,0.295,0.50,neutral,mTOR Inhibitor,73
77,Dabrafenib,40,0.455,0.447,0.767,0.093,0.586,0.50,,Raf kinase B Inhibitor,82
78,Asciminib,3,0.454,0.446,0.459,0.364,0.569,0.50,,Bcr-Abl Inhibitor,69
79,Dasatinib,25,0.453,0.445,0.368,0.523,0.424,0.50,,Bcr-Abl Inhibitor,59
80,Tioguanine,16,0.441,0.430,0.894,0.047,0.405,0.50,,Purine Antagonist,81
81,Pemetrexed,2,0.429,0.417,0.742,0.140,0.414,0.50,,Thymidylate synthase Inhibitor,88
82,Azacitidine,1,0.429,0.416,0.553,0.346,0.333,0.50,,DNA Methyltransferase (DNMT) Inhibitor,84
83,Triethylenemelamine,3,0.426,0.404,0.405,,0.402,0.50,,,91
84,Temsirolimus,1,0.426,0.413,0.528,0.234,0.552,0.50,neutral,mTOR Inhibitor,92
85,Lorlatinib,2,0.425,0.412,0.457,0.327,0.492,0.50,,ROS1/ALK Inhibitor,93
86,Carboplatin,7,0.421,0.390,0.288,0.439,0.455,0.60,positive,DNA Alkylating Agent,89
87,Uracil mustard,5,0.420,0.396,0.300,,0.541,0.50,,,103
88,Vorinostat,18,0.420,0.405,0.145,0.570,0.507,0.50,,HDAC Inhibitor,64
89,Dexrazoxane,18,0.419,0.405,0.130,0.430,0.773,0.50,,DNA Topoisomerase II Inhibitor,72
90,Oxaliplatin,31,0.419,0.405,0.817,0.019,0.462,0.50,,DNA Alkylating Agent,94
91,Gilteritinib,1,0.418,0.404,0.507,0.299,0.432,0.50,,,96
92,Trifluridine,6,0.411,0.395,0.814,0.056,0.359,0.50,,thymidylate synthase Inhibitor,95
93,Dacarbazine,15,0.408,0.392,0.145,0.542,0.500,0.50,,DNA Alkylating Agent,77
94,Erdafitinib,10,0.408,0.392,0.693,0.178,0.316,0.50,,FGFR 1/2/3/4 Inhibitor,86
95,Venetoclax,5,0.404,0.387,0.375,0.243,0.658,0.50,,Bcl-2 Inhibitor,80
96,Methotrexate,27,0.403,0.386,0.837,0.000,0.386,0.50,,Dihydrofolate Reductase (DHFR) Inhibitor,97
97,Thiotepa,3,0.390,0.370,0.410,0.271,0.485,0.50,,Cytochrome P450 Oxidase Inhibitor,98
98,Vemurafenib,22,0.387,0.367,0.310,0.206,0.733,0.50,,Raf kinase B Inhibitor,106
99,Everolimus,11,0.381,0.360,0.208,0.589,0.188,0.50,neutral,mTOR inhibitor,90
100,Selpercatinib,37,0.379,0.342,0.465,,0.158,0.50,,,108
101,Pralatrexate,2,0.379,0.357,0.750,0.028,0.344,0.50,,Dihydrofolate Reductase (DHFR) Inhibitors,101
102,Sonidegib,4,0.377,0.356,0.373,0.084,0.806,0.50,,Smo Receptor Antagonist,105
103,Cisplatin,6,0.375,0.317,0.253,0.103,0.789,0.70,positive,DNA Alkylating Agent,109
104,Fludarabine,4,0.372,0.350,0.346,0.449,0.183,0.50,,Purine Antagonist,111
105,Vinblastine,9,0.365,0.341,0.184,0.196,0.829,0.50,,Tubulin polymerization inhibitor,100
106,Mitoxantrone,6,0.365,0.341,0.302,0.262,0.537,0.50,,DNA Topoisomerase II Inhibitor,107
107,Sotorasib,4,0.362,0.321,0.351,,0.276,0.50,,,113
108,Ifosfamide,17,0.362,0.321,0.074,,0.691,0.50,,,99
109,Vinorelbine,1,0.348,0.321,0.531,0.131,0.339,0.50,,,110
110,Clofarabine,2,0.341,0.313,0.490,0.187,0.270,0.50,,DNA Polymerase Inhibitor,104
111,Neratinib,6,0.341,0.313,0.308,0.009,0.850,0.50,,EGFR Inhibitor,79
112,Valrubicin,11,0.337,0.308,0.125,0.402,0.417,0.50,,DNA Topoisomerase II Inhibitor,112
113,Nitrogen mustard,16,0.335,0.286,0.099,,0.566,0.50,,,114
114,Teniposide,8,0.308,0.274,0.250,0.037,0.723,0.50,,DNA Topoisomerase II Inhibitor,102
115,Idelalisib,9,0.305,0.270,0.157,0.290,0.406,0.50,,PI3Kdelta Inhibitor,117
116,umbralisib,5,0.287,0.250,0.329,0.150,0.307,0.50,,Casein Kinase 1 Inhibitor,118
117,Cladribine,3,0.281,0.242,0.454,0.065,0.234,0.50,,Adenosine Deaminase Inhibitor,115
118,Fruquintinib,31,0.263,0.221,0.343,0.168,0.130,0.50,,VEGFR-1/2/3 Inhibitor,123
119,Pemigatinib,10,0.257,0.184,0.205,,0.152,0.50,,,116
120,Pralsetinib,59,0.220,0.137,0.079,,0.223,0.50,,,120
121,Abiraterone,39,0.204,0.152,0.024,0.280,0.118,0.50,,Androgen Biosynthesis Inhibitor,121
122,Bleomycin,16,0.194,0.139,0.164,0.075,0.216,0.50,,glycopeptide antibiotic,119
123,Zoledronate,20,0.173,0.116,0.082,0.159,0.090,0.50,,Farnesyl Pyrophosphate Synthase Inhibitor,122
124,Lenvatinib,18,0.172,0.105,0.079,0.121,0.116,0.55,positive,VEGFR-1/2/3 Inhibitor,124
