gene,rACC_full,rACC_induced,is_seed
ABL1,0.028206,0.202019,0
ABL2,0.001902,0.022937,0
ACKR3,0.001727,0.015374,0
ACSL3,0.001432,0.002203,0
ACVR1,0.004369,0.014672,0
AFF1,0.005496,0.044327,0
AFF3,0.001257,0.007562,0
AKT3,0.011096,0.080782,0
AMER1,0.010399,0.073767,0
APOBEC3B,0.002657,0.012313,0
AR,0.041633,0.312713,0
ARHGAP26,0.001849,0.008880,0
ARHGAP35,0.002578,0.023411,0
ARHGAP5,0.000719,0.007919,0
ARHGEF10,0.000286,0.002701,0
ARID1A,0.040024,0.241065,0
ARID1B,0.015739,0.094013,0
ARID2,0.016118,0.099131,0
ASPM,0.009052,0.026285,0
ASXL2,0.002337,0.014810,0
ATF1,0.001300,0.015976,0
ATIC,0.008290,0.051756,0
ATM,0.592082,0.797419,1
ATP1A1,0.003154,0.016007,0
ATR,0.554073,0.567112,1
AXIN1,0.036146,0.234256,0
B2M,0.012971,0.080341,0
BAX,0.005531,0.036141,0
BAZ1A,0.003599,0.013583,0
BCL10,0.002758,0.023048,0
BCL11B,0.006942,0.043426,0
BCL2,0.038066,0.239053,0
BCL2L12,0.000528,0.005194,0
BCL3,0.002752,0.024981,0
BCL9L,0.007337,0.038938,0
BCLAF1,0.008675,0.045994,0
BCOR,0.003762,0.016780,0
BCORL1,0.004597,0.036849,0
BIRC3,0.006629,0.041015,0
BIRC6,0.008830,0.051971,0
BLM,0.036433,0.176893,0
BRAF,0.050240,0.306584,0
BRCA1,0.611894,0.823086,1
BRCA2,0.586150,0.698445,1
BRD3,0.008264,0.050604,0
BRD4,0.030709,0.174074,0
BTG2,0.003416,0.023238,0
BTK,0.008947,0.065829,0
CALR,0.006273,0.048840,0
CAMTA1,0.000332,0.002229,0
CARD11,0.003126,0.037757,0
CASP8,0.018182,0.115376,0
CBFA2T3,0.001353,0.014663,0
CBFB,0.008961,0.074947,0
CCDC6,0.008229,0.057177,0
CCND3,0.013886,0.082249,0
CCR4,0.001656,0.009472,0
CCR7,0.006520,0.041183,0
CD209,0.002825,0.011142,0
CD74,0.011327,0.118915,0
CDH11,0.005905,0.034753,0
CDK12,0.015527,0.090378,0
CDK4,0.967624,0.972197,1
CDK6,0.032035,0.169736,0
CDKN1A,0.032469,0.197128,0
CDKN2C,0.010696,0.063233,0
CEP89,0.000606,0.001884,0
CHCHD7,0.000563,0.004135,0
CHD4,0.016764,0.090226,0
CHEK2,0.568096,0.647468,1
CHST11,0.000278,0.000459,0
CIC,0.000574,0.009174,0
CIITA,0.002766,0.023391,0
CLP1,0.001279,0.008208,0
CLTC,0.011981,0.073459,0
CLTCL1,0.002782,0.009410,0
CNBD1,0.000064,0.000659,0
CNBP,0.001148,0.008904,0
CNTRL,0.001726,0.011293,0
COL1A1,0.011657,0.062638,0
COL2A1,0.002958,0.009833,0
COL3A1,0.003877,0.023650,0
CREB1,0.026245,0.175810,0
CREB3L1,0.001744,0.019936,0
CREB3L2,0.003489,0.025798,0
CREBBP,0.036379,0.237290,0
CRNKL1,0.001991,0.006921,0
CRTC1,0.000754,0.011120,0
CTCF,0.020869,0.123456,0
CUX1,0.005749,0.039187,0
CXCR4,0.015226,0.119488,0
DAXX,0.861408,0.806381,1
DDB2,0.011801,0.053102,0
DDX5,0.007016,0.056358,0
DDX6,0.003288,0.013607,0
DNMT3A,0.023781,0.144443,0
EBF1,0.006786,0.048423,0
ECT2L,0.000272,0.000000,0
EED,0.011052,0.056101,0
EGFR,0.456552,0.680570,1
ELF3,0.001579,0.013257,0
ELF4,0.001934,0.013595,0
EML4,0.015137,0.109713,0
EP300,0.044388,0.271319,0
EPAS1,0.011041,0.074138,0
EPHA3,0.009869,0.047457,0
ERBB2,0.048704,0.289369,0
ERBB3,0.023926,0.147007,0
ERBB4,0.020607,0.122706,0
ERCC5,0.021869,0.105790,0
ERG,0.000909,0.017108,0
ETNK1,0.001216,0.010859,0
ETV1,0.003023,0.028674,0
ETV4,0.002308,0.024167,0
ETV5,0.001858,0.011027,0
ETV6,0.009180,0.102915,0
EWSR1,0.008615,0.081494,0
EXT1,0.002407,0.009693,0
EXT2,0.000974,0.004620,0
EZH2,0.044653,0.271001,0
FANCA,0.027499,0.153940,0
FANCC,0.018728,0.099077,0
FANCD2,0.034794,0.162045,0
FANCE,0.019734,0.137166,0
FANCF,0.013471,0.079518,0
FAS,0.009355,0.068649,0
FAT4,0.004584,0.026144,0
FBXW7,0.031985,0.221238,0
FCGR2B,0.007027,0.041310,0
FEN1,0.039319,0.182414,0
FEV,0.000169,0.000000,0
FGFR1,0.028502,0.162497,0
FGFR2,0.026149,0.148125,0
FHIT,0.011667,0.053946,0
FIP1L1,0.004637,0.029458,0
FKBP9,0.002041,0.010569,0
FLCN,0.006368,0.030529,0
FLI1,0.002238,0.012316,0
FLNA,0.011820,0.066351,0
FLT3,0.017305,0.131225,0
FLT4,0.009362,0.051578,0
FNBP1,0.001485,0.007220,0
FOXO3,0.022612,0.145932,0
FOXO4,0.005879,0.045832,0
FOXP1,0.002587,0.025444,0
FSTL3,0.000731,0.000000,0
FUBP1,0.007146,0.047949,0
GAS7,0.000996,0.004503,0
GATA3,0.015960,0.109690,0
GMPS,0.004662,0.025188,0
GNA11,0.013066,0.085294,0
GNAS,0.027730,0.147626,0
GPHN,0.001984,0.010598,0
HEY1,0.003656,0.026794,0
HIF1A,0.031717,0.188138,0
HLA-A,0.009152,0.075393,0
HMGA1,0.003395,0.020039,0
HNRNPA2B1,0.008999,0.058740,0
HOXA11,0.002401,0.011137,0
HOXD11,0.000866,0.003589,0
HRAS,0.044235,0.277674,0
HSP90AB1,0.031146,0.182709,0
IDH1,0.022162,0.158697,0
IKZF1,0.008372,0.078129,0
IL21R,0.003606,0.019614,0
IL6ST,0.005774,0.031622,0
IL7R,0.594689,0.507098,1
IRF4,0.006384,0.060122,0
IRS4,0.006375,0.033467,0
ITGAV,0.006293,0.048954,0
JAK1,0.015127,0.119705,0
JAK3,0.013120,0.103249,0
JAZF1,0.002349,0.013576,0
JUN,0.042776,0.262724,0
KAT6A,0.004601,0.032178,0
KAT7,0.003588,0.022851,0
KDM5A,0.011060,0.055625,0
KDM5C,0.009159,0.060556,0
KDR,0.369083,0.396359,1
KDSR,0.000500,0.002555,0
KIAA1549,0.005899,0.032286,0
KLF6,0.002360,0.017905,0
KLK2,0.003581,0.011986,0
KMT2C,0.026936,0.150329,0
KMT2D,0.029164,0.168574,0
LARP4B,0.000664,0.000000,0
LASP1,0.000816,0.010442,0
LATS2,0.005914,0.043705,0
LCP1,0.000963,0.005695,0
LEF1,0.025551,0.135032,0
LEPROTL1,0.000300,0.000000,0
LIFR,0.003388,0.024366,0
LMO2,0.003660,0.036259,0
LPP,0.000530,0.002975,0
LYL1,0.001129,0.014522,0
LYN,0.011572,0.080499,0
MAF,0.006649,0.047660,0
MAFB,0.005083,0.028400,0
MALAT1,0.000000,0.000000,0
MALT1,0.001711,0.014064,0
MAML2,0.003210,0.027694,0
MAP3K1,0.013269,0.116072,0
MAX,0.009609,0.051552,0
MB21D2,0.000186,0.000000,0
MDM4,0.017514,0.112799,0
MECOM,0.004929,0.057025,0
MED12,0.716054,0.641855,1
MEN1,0.967158,0.951951,1
MET,0.019870,0.130644,0
MGMT,0.024708,0.137777,0
MITF,0.009062,0.067442,0
MLLT1,0.006521,0.036213,0
MLLT10,0.003614,0.034990,0
MLLT6,0.001271,0.011271,0
MN1,0.000604,0.004466,0
MPL,0.002501,0.016282,0
MSH2,0.771259,0.795909,1
MSH6,0.770497,0.796633,1
MSN,0.010155,0.073188,0
MYB,0.005817,0.040893,0
MYC,0.073284,0.456394,0
MYD88,0.009567,0.075024,0
MYH11,0.005284,0.058807,0
MYH9,0.006324,0.041048,0
MYOD1,0.014388,0.085530,0
N4BP2,0.000351,0.001506,0
NACA,0.002895,0.047412,0
NBEA,0.000591,0.005868,0
NBN,0.029637,0.146975,0
NCOR2,0.017010,0.103826,0
NDRG1,0.002006,0.022976,0
NF2,0.019275,0.123391,0
NFATC2,0.003653,0.029675,0
NFE2L2,0.012359,0.082001,0
NFIB,0.002684,0.013044,0
NFKB2,0.005265,0.036033,0
NFKBIE,0.001931,0.010380,0
NIN,0.002470,0.007824,0
NONO,0.007147,0.064293,0
NOTCH1,0.035146,0.250645,0
NOTCH2,0.012983,0.084825,0
NRAS,0.042583,0.279871,0
NRG1,0.006913,0.047322,0
NT5C2,0.003072,0.029110,0
NTHL1,0.015469,0.077081,0
NUP214,0.004134,0.032137,0
NUTM1,0.000833,0.007670,0
NUTM2B,0.000142,0.002779,0
P2RY8,0.001867,0.018788,0
PALB2,0.037202,0.195470,0
PAX3,0.011260,0.060509,0
PAX5,0.008717,0.070825,0
PBRM1,0.016918,0.103863,0
PBX1,0.003884,0.039472,0
PCBP1,0.003514,0.026085,0
PDCD1LG2,0.005445,0.039008,0
PDE4DIP,0.001915,0.013600,0
PDGFB,0.009719,0.075821,0
PDGFRA,0.025903,0.156283,0
PDGFRB,0.024139,0.143122,0
PHF6,0.008619,0.084093,0
PICALM,0.003390,0.016260,0
PIK3R1,0.030977,0.219172,0
PIM1,0.001919,0.017804,0
PLAG1,0.003227,0.023477,0
PLCG1,0.017372,0.121335,0
PML,0.019725,0.118330,0
PMS1,0.022020,0.107866,0
POLD1,0.041570,0.191553,0
POLE,0.034548,0.185396,0
POLG,0.004848,0.021198,0
POLR2A,0.020325,0.091757,0
POT1,0.018396,0.088750,0
POU2AF1,0.001202,0.007689,0
PPM1D,0.008759,0.061500,0
PPP2R1A,0.017368,0.121525,0
PPP6C,0.009174,0.051546,0
PRCC,0.000901,0.010094,0
PRDM1,0.005868,0.050972,0
PRDM16,0.001997,0.005314,0
PRDM2,0.008083,0.051759,0
PREX2,0.001662,0.018124,0
PRF1,0.005281,0.030728,0
PRKACA,0.037750,0.236633,0
PRKCB,0.006643,0.045812,0
PRPF40B,0.000677,0.003751,0
PSIP1,0.007551,0.037004,0
PTCH1,0.589779,0.544189,1
PTEN,0.066801,0.398027,0
PTPN13,0.008087,0.054268,0
PTPN6,0.006289,0.054155,0
PTPRC,0.016800,0.108461,0
PTPRD,0.011200,0.039339,0
PTPRK,0.009597,0.081839,0
PTPRT,0.005425,0.020957,0
PWWP2A,0.000321,0.001581,0
QKI,0.006582,0.032607,0
RAC1,0.011878,0.062281,0
RAD17,0.020316,0.091330,0
RAD51B,0.024633,0.121590,0
RALGDS,0.004330,0.025999,0
RANBP2,0.019542,0.105912,0
RB1,1.000000,0.907143,1
RBM10,0.004724,0.032944,0
RBM15,0.003348,0.026748,0
RET,0.038487,0.218427,0
RFWD3,0.004372,0.029999,0
RHOA,0.021726,0.121946,0
RHOH,0.001734,0.016157,0
RMI2,0.010104,0.055490,0
RNF213,0.002161,0.013011,0
RNF43,0.031875,0.218470,0
ROS1,0.013446,0.082343,0
RPL10,0.006231,0.061025,0
RPL5,0.012198,0.112040,0
RUNX1,0.021111,0.190068,0
RUNX1T1,0.002428,0.029024,0
SDC4,0.004069,0.036847,0
SDHAF2,0.004067,0.027995,0
SDHB,0.011989,0.065403,0
SET,0.002483,0.012637,0
SETD1B,0.007163,0.034043,0
SETDB1,0.011847,0.055546,0
SF3B1,0.005992,0.032336,0
SFRP4,0.005382,0.015365,0
SGK1,0.004529,0.032428,0
SH2B3,0.003964,0.036225,0
SH3GL1,0.002703,0.020825,0
SHTN1,0.000320,0.001291,0
SKI,0.000750,0.004151,0
SLC34A2,0.001517,0.016224,0
SLC45A3,0.000974,0.012352,0
SMAD3,0.025237,0.158329,0
SMARCD1,0.008799,0.050733,0
SMARCE1,0.008981,0.047920,0
SMC1A,0.026052,0.137379,0
SMO,0.010528,0.049695,0
SND1,0.002109,0.016130,0
SNX29,0.000154,0.000000,0
SOCS1,0.013985,0.098115,0
SPECC1,0.000882,0.005996,0
SPEN,0.001592,0.018497,0
SPOP,0.015395,0.092923,0
SRC,0.042170,0.236598,0
SRSF2,0.006286,0.055235,0
SS18,0.003943,0.028411,0
STAG1,0.008930,0.045426,0
STAG2,0.014450,0.099629,0
STAT5B,0.014695,0.125665,0
STAT6,0.006961,0.060441,0
STRN,0.009528,0.057511,0
SUB1,0.002640,0.020857,0
SUFU,0.012184,0.065456,0
SUZ12,0.018514,0.098513,0
SYK,0.009799,0.077325,0
TAF15,0.002234,0.014400,0
TAL1,0.006099,0.045973,0
TAL2,0.000425,0.003012,0
TBL1XR1,0.011448,0.069783,0
TCEA1,0.006861,0.033712,0
TCF12,0.002755,0.026278,0
TCF3,0.006394,0.051245,0
TEC,0.000600,0.006498,0
TERT,0.980224,1.000000,1
TET1,0.004050,0.022526,0
TFE3,0.002041,0.020161,0
TFG,0.007074,0.044849,0
TFRC,0.009996,0.055207,0
THRAP3,0.007519,0.034345,0
TMEM127,0.005719,0.033205,0
TNC,0.003511,0.035342,0
TNFRSF14,0.001731,0.012708,0
TNFRSF17,0.001058,0.005127,0
TOP1,0.017711,0.098461,0
TPM3,0.010092,0.070353,0
TPM4,0.006843,0.046759,0
TRAF7,0.002945,0.020990,0
TRIM24,0.012812,0.077322,0
TRIM27,0.005236,0.031220,0
TRRAP,0.014330,0.068454,0
TSC1,0.011199,0.060502,0
U2AF1,0.005875,0.056365,0
USP8,0.006769,0.037732,0
VAV1,0.008220,0.061944,0
WAS,0.004305,0.028556,0
WIF1,0.010777,0.049384,0
WRN,0.041205,0.196944,0
WT1,0.030378,0.220986,0
WWTR1,0.004826,0.033524,0
XPA,0.024076,0.112567,0
XPO1,0.011315,0.076134,0
YWHAE,0.010701,0.077893,0
ZCCHC8,0.000749,0.006673,0
ZEB1,0.011351,0.077641,0
ZMYM2,0.003216,0.027754,0
ZMYM3,0.004131,0.020369,0
ZNF384,0.000951,0.013020,0
ZNF521,0.002079,0.012509,0
ZRSR2,0.004709,0.041282,0
