feature,genes,target_n,comparator_n,median_difference,p_two_sided,q_bh_225,selected
EIF4EBP1|4E-BP1,EIF4EBP1,449,292,-0.17345,0.01628378994,0.0318595890131,no
EIF4EBP1|4E-BP1_pS65,EIF4EBP1,449,292,-0.3627,5.06612622891e-07,2.27975680301e-06,no
EIF4EBP1|4E-BP1_pT37_T46,EIF4EBP1,449,292,-0.1261,0.0944623605119,0.1475974383,no
TP53BP1|53BP1,TP53BP1,449,292,0.5188,1.31588385751e-12,1.2872776867e-11,yes
ACACA ACACB|ACC_pS79,ACACA;ACACB,449,292,0.0389,0.88952452873,0.844537762746,no
ACACA|ACC1,ACACA,449,292,0.1068,0.272324543925,0.366904325647,no
AKT1 AKT2 AKT3|Akt,AKT1;AKT2;AKT3,449,292,0.218,0.0328725679251,0.0591706222651,no
AKT1 AKT2 AKT3|Akt_pS473,AKT1;AKT2;AKT3,449,292,-0.07185,0.235738931365,0.32540650035,no
AKT1 AKT2 AKT3|Akt_pT308,AKT1;AKT2;AKT3,449,292,-0.16955,0.0538333681145,0.0910714874118,no
PRKAA1|AMPK_alpha,PRKAA1,449,292,0.4407,1.64988956756e-05,5.54067392089e-05,no
PRKAA1|AMPK_pT172,PRKAA1,449,292,0.29515,2.84983227841e-06,1.0686871044e-05,no
AR|AR,AR,449,292,0.75655,3.28345739554e-16,5.27698509998e-15,yes
ASNS|ASNS,ASNS,449,292,-0.8307,1.10248042125e-26,4.13430157967e-25,yes
ATM|ATM,ATM,449,292,-0.02805,0.75793630441,0.844537762746,no
BAK1|Bak,BAK1,449,292,-0.05645,0.571165647919,0.672839114041,no
BAX|Bax,BAX,449,292,0.0589,0.470665080249,0.566308251637,no
BCL2|Bcl-2,BCL2,449,292,1.1701,2.84586432119e-38,2.13439824089e-36,yes
BCL2L1|Bcl-xL,BCL2L1,449,292,0.1957,0.00614044130891,0.0125599935864,no
BECN1|Beclin,BECN1,449,292,0.0565,0.420827346141,0.511817042604,no
CTNNB1|beta-Catenin,CTNNB1,449,292,0.1461,0.849165433457,0.844537762746,no
BID|Bid,BID,449,292,0.0114,0.786959769808,0.844537762746,no
BCL2L11|Bim,BCL2L11,449,292,0.541,8.96831367663e-15,1.17989289878e-13,yes
JUN|c-Jun_pS73,JUN,449,292,-0.05225,0.184195577837,0.262303829199,no
KIT|c-Kit,KIT,449,292,-0.0757,0.026667699741,0.0491822331289,no
MET|c-Met_pY1235,MET,449,292,-0.15135,0.00171265486316,0.00393211575726,no
MYC|c-Myc,MYC,449,292,-0.1467,0.0400183957065,0.0708987325509,no
RAF1|C-Raf,RAF1,449,292,-0.08425,0.159175878979,0.2281182979,no
RAF1|C-Raf_pS338,RAF1,449,292,-0.0476,0.333244351731,0.422901442185,no
CASP7|Caspase-7_cleavedD198,CASP7,449,292,-0.4015,1.18109874961e-11,9.49097209509e-11,no
CAV1|Caveolin-1,CAV1,449,292,0.51205,2.79136456962e-10,1.96267821301e-09,yes
PECAM1|CD31,PECAM1,449,292,-0.02125,0.128186590687,0.189749887531,no
ITGA2|CD49b,ITGA2,449,292,0.1514,0.0327863433061,0.0591706222651,no
CDK1|CDK1,CDK1,449,292,-0.43035,8.49353390529e-09,4.66108567973e-08,no
CHEK1|Chk1,CHEK1,449,292,-0.1522,6.40043992866e-05,0.00019201319786,no
CHEK1|Chk1_pS345,CHEK1,449,292,-0.25285,1.94896070393e-07,8.9493093548e-07,no
CHEK2|Chk2,CHEK2,449,292,-0.1945,0.000912570543245,0.00223183013294,no
CHEK2|Chk2_pT68,CHEK2,449,292,-0.4055,9.1413918853e-13,9.34915079179e-12,no
BIRC2 |cIAP,BIRC2,449,292,0.1251,0.0521738204387,0.0899160939393,no
CLDN7|Claudin-7,CLDN7,449,292,0.1901,3.43930478267e-05,0.000108992052972,no
COL6A1|Collagen_VI,COL6A1,449,292,0.3345,2.77440917442e-05,9.18003035653e-05,no
CCNB1|Cyclin_B1,CCNB1,449,292,-0.7246,1.03709301005e-16,1.79496867124e-15,yes
CCND1|Cyclin_D1,CCND1,449,292,0.3184,6.83637396833e-05,0.000202392650378,no
CCNE1|Cyclin_E1,CCNE1,449,292,-0.42355,7.15859428855e-23,1.78964857214e-21,no
PARK7|DJ-1,PARK7,449,292,0.79275,1.3508520514e-23,3.79927139458e-22,yes
DVL3|Dvl3,DVL3,449,292,-0.267,0.000212291267103,0.00058574249439,no
CDH1|E-Cadherin,CDH1,449,292,0.0825,0.0527507751111,0.0899160939393,no
EEF2|eEF2,EEF2,449,292,-0.34715,1.17696418741e-07,5.51701962851e-07,no
EEF2K|eEF2K,EEF2K,449,292,0.38285,5.19796775134e-10,3.24872984459e-09,no
EGFR|EGFR,EGFR,449,292,-0.38485,2.56492183098e-15,3.60692132482e-14,no
EGFR|EGFR_pY1068,EGFR,449,292,-0.288,1.37132045404e-11,1.06395552469e-10,no
EGFR|EGFR_pY1173,EGFR,449,292,0.0504,0.253682068979,0.345930094062,no
EIF4E|eIF4E,EIF4E,449,292,0.0117,0.366538681048,0.45817335131,no
ESR1|ER-alpha,ESR1,449,292,1.4888,6.67747405932e-52,1.50243166335e-49,yes
ESR1|ER-alpha_pS118,ESR1,449,292,0.6355,1.10907124894e-30,4.99082062023e-29,yes
MAPK1|ERK2,MAPK1,449,292,0.1339,0.108095487332,0.163231440602,no
FN1|Fibronectin,FN1,449,292,-0.00605,0.35190652445,0.442340603359,no
FOXO3|FOXO3a,FOXO3,449,292,-0.13185,0.0880677177252,0.141537403487,no
GAB2|GAB2,GAB2,449,292,-0.05685,0.823108328161,0.844537762746,no
GATA3|GATA3,GATA3,449,292,1.4158,3.42346324321e-44,3.85139614861e-42,yes
GSK3A GSK3B|GSK3-alpha-beta,GSK3A;GSK3B,449,292,0.00965,0.839681943756,0.844537762746,no
GSK3A GSK3B|GSK3-alpha-beta_pS21_S9,GSK3A;GSK3B,449,292,0.05195,0.191374773088,0.269120774655,no
ERBB2|HER2,ERBB2,449,292,-0.0248,0.0790448998116,0.129818266114,no
ERBB2|HER2_pY1248,ERBB2,449,292,-0.06985,0.00137881428069,0.00323159597037,no
ERBB3|HER3,ERBB3,449,292,0.4433,1.39017270413e-08,7.4473537721e-08,no
ERBB3|HER3_pY1289,ERBB3,449,292,-0.1378,0.0169765960253,0.0326473000487,no
HSPA1A|HSP70,HSPA1A,449,292,-0.0944,0.311524458955,0.400531447228,no
IGFBP2|IGFBP2,IGFBP2,449,292,0.54425,5.23068185537e-14,5.88451708729e-13,yes
INPP4B|INPP4B,INPP4B,449,292,0.8766,3.65256761679e-31,2.05456928445e-29,yes
IRS1|IRS1,IRS1,449,292,0.5545,1.73615811616e-14,2.05597671651e-13,yes
MAPK8|JNK_pT183_pY185,MAPK8,449,292,0.3434,9.98873382953e-06,3.51166423694e-05,no
MAPK9|JNK2,MAPK9,449,292,0.63785,1.16882462083e-17,2.39077763352e-16,yes
XRCC5|Ku80,XRCC5,449,292,-0.069,0.460359088187,0.556885993774,no
LCK|Lck,LCK,449,292,-0.2641,0.000326970398325,0.00086550987792,no
STK11|LKB1,STK11,449,292,0.22195,0.00361836292236,0.00775363483363,no
MAPK1 MAPK3|MAPK_pT202_Y204,MAPK1;MAPK3,449,292,0.1577,0.00853648053909,0.0171491796544,no
MAP2K1|MEK1,MAP2K1,449,292,0.07905,0.2134971531,0.29652382375,no
MAP2K1|MEK1_pS217_S221,MAP2K1,449,292,-0.00025,0.891328826127,0.844537762746,no
ERRFI1|MIG-6,ERRFI1,449,292,-0.1438,0.0782687507414,0.129488742035,no
MRE11A|Mre11,MRE11A,449,292,-0.0487,0.0960301268333,0.149012265776,no
MTOR|mTOR,MTOR,449,292,0.2371,3.30742577346e-05,0.000107850840439,no
MTOR|mTOR_pS2448,MTOR,449,292,0.15315,0.392434565773,0.483817211441,no
CDH2|N-Cadherin,CDH2,449,292,-0.1335,0.0890535530714,0.141577303671,no
NFKB1|NF-kB-p65_pS536,NFKB1,449,292,-0.3282,1.58473578935e-06,6.25553601058e-06,no
NF2|NF2,NF2,449,292,-0.1087,0.393504665305,0.483817211441,no
NOTCH1|Notch1,NOTCH1,449,292,-0.39005,1.04503582227e-09,6.18771210557e-09,no
CDH3|P-Cadherin,CDH3,449,292,-0.4735,9.43914319023e-15,1.17989289878e-13,no
CDKN1B|p27,CDKN1B,449,292,0.47695,4.89489342856e-12,4.58896258928e-11,no
CDKN1B|p27_pT157,CDKN1B,449,292,-0.11265,0.000188367373637,0.000529783238354,no
MAPK14|p38_MAPK,MAPK14,449,292,0.3011,4.09859906416e-05,0.000128081220755,no
MAPK14|p38_pT180_Y182,MAPK14,449,292,-0.11965,0.0821504276324,0.132977310916,no
TP53|p53,TP53,449,292,-0.3434,1.19142841094e-10,8.64746427297e-10,no
RPS6KB1|p70S6K,RPS6KB1,449,292,-0.00675,0.411965209907,0.503761805593,no
RPS6KB1|p70S6K_pT389,RPS6KB1,449,292,-0.056,0.256910015962,0.348221407177,no
RPS6KA1|p90RSK_pT359_S363,RPS6KA1,449,292,0.00665,0.27687584118,0.368621682044,no
SERPINE1|PAI-1,SERPINE1,449,292,-0.0643,0.092778630952,0.145980363386,no
PXN|Paxillin,PXN,449,292,0.0047,0.624544887335,0.724343297167,no
PCNA|PCNA,PCNA,449,292,-0.02955,0.490769479233,0.584249380039,no
PDK1|PDK1_pS241,PDK1,449,292,0.46295,7.97160029364e-13,8.54100031461e-12,no
PEA15|PEA15,PEA15,449,292,0.3613,7.73418367939e-07,3.34652178435e-06,no
PIK3CA |PI3K-p110-alpha,PIK3CA,449,292,0.2059,0.000182157935022,0.000518804245315,no
PRKCA |PKC-alpha,PRKCA,449,292,-0.2302,0.00304450450538,0.00665061663797,no
PRKCA |PKC-alpha_pS657,PRKCA,449,292,-0.169,0.00540574837161,0.0114744658831,no
PRKCD|PKC-delta_pS664,PRKCD,449,292,-0.01195,0.135892576748,0.199842024629,no
PGR|PR,PGR,449,292,0.9069,7.7438723549e-26,2.48910182836e-24,yes
AKT1S1|PRAS40_pT246,AKT1S1,449,292,-0.247,0.00040347978751,0.00105561572314,no
PTEN|PTEN,PTEN,449,292,0.1865,0.0193758644406,0.0366350378078,no
RAD50|Rad50,RAD50,449,292,0.3999,4.52402181322e-10,2.99383796463e-09,no
RAD51|Rad51,RAD51,449,292,-0.14945,0.00348447116112,0.00753851933897,no
RB1|Rb_pS807_S811,RB1,449,292,0.1057,0.60418299394,0.704358412625,no
RPS6|S6,RPS6,449,292,-0.3059,1.10773345585e-07,5.30297930993e-07,no
RPS6|S6_pS235_S236,RPS6,449,292,-0.3856,8.65409530461e-07,3.60587304359e-06,no
RPS6|S6_pS240_S244,RPS6,449,292,-0.3844,3.66458374458e-06,1.35169072546e-05,no
SHC1|Shc_pY317,SHC1,449,292,-0.0205,0.0819959169755,0.132977310916,no
SMAD1|Smad1,SMAD1,449,292,0.18225,0.00146786849133,0.0034048495933,no
SMAD3|Smad3,SMAD3,449,292,0.3659,5.17477582164e-10,3.24872984459e-09,no
SMAD4|Smad4,SMAD4,449,292,0.108,0.0712556756236,0.118759459373,no
SRC|Src,SRC,449,292,-0.19855,0.000882085692797,0.00218098110856,no
SRC|Src_pY416,SRC,449,292,-0.39575,7.57183512124e-10,4.60449433048e-09,no
SRC|Src_pY527,SRC,449,292,-0.15565,0.589806600204,0.691179609614,no
STAT3|STAT3_pY705,STAT3,449,292,0.01,0.037988082605,0.0678358617946,no
STAT5A|STAT5-alpha,STAT5A,449,292,-0.1945,0.102325955083,0.155563107389,no
STMN1|Stathmin,STMN1,449,292,-0.19045,0.000213470597955,0.00058574249439,no
SYK|Syk,SYK,449,292,-0.50665,9.95929905793e-12,8.61862418475e-11,yes
TSC2|Tuberin,TSC2,449,292,0.222,0.00249772277748,0.00556423391022,no
KDR|VEGFR2,KDR,449,292,0.49925,5.86245563056e-12,5.27621006751e-11,no
XRCC1|XRCC1,XRCC1,449,292,0.51845,1.80166743959e-09,1.03942352284e-08,yes
YAP1|YAP,YAP1,449,292,0.0543,0.93324329345,0.844537762746,no
YAP1|YAP_pS127,YAP1,449,292,0.0046,0.946516241845,0.844537762746,no
YBX1|YB-1,YBX1,449,292,-0.05285,0.487460403757,0.583396759815,no
YBX1|YB-1_pS102,YBX1,449,292,-0.3211,8.14134024619e-07,3.4562293498e-06,no
EIF4EBP1|4E-BP1_pT70,EIF4EBP1,449,292,-0.3391,1.19410898452e-06,4.79775931282e-06,no
ARAF|A-Raf_pS299,ARAF,449,292,-0.3051,1.96962153304e-06,7.64077318852e-06,no
ANXA7|Annexin_VII,ANXA7,449,292,0.44185,1.09794159619e-11,9.14951330157e-11,no
ARID1A|ARID1A,ARID1A,449,292,0.1724,0.190421682092,0.269120774655,no
BRAF|B-Raf,BRAF,449,292,0.28185,0.000141060271437,0.000406904629144,no
BAD|Bad_pS112,BAD,449,292,-0.22855,0.00283919484721,0.00626292981002,no
BAP1|Bap1-c-4,BAP1,449,292,-0.0567,0.781156868413,0.844537762746,no
BRCA2|BRCA2,BRCA2,449,292,-0.05755,0.918176758303,0.844537762746,no
MS4A1|CD20,MS4A1,449,292,0.00925,0.654931247727,0.755689901224,no
CCNE2|Cyclin_E2,CCNE2,449,292,-0.14815,0.0415569357589,0.0730493011387,no
ETS1|ETS-1,ETS1,449,292,-0.08165,0.0893510094281,0.141577303671,no
EIF4G1|eIF4G,EIF4G1,449,292,-0.34475,3.57303361105e-08,1.82711946019e-07,no
FASN|FASN,FASN,449,292,0.34265,0.00108959908646,0.00263612682209,no
FOXO3|FOXO3a_pS318_S321,FOXO3,449,292,-0.1041,0.291401294429,0.383422755828,no
FOXM1|FoxM1,FOXM1,449,292,-0.522,5.34787430787e-17,1.00272643273e-15,yes
G6PD|G6PD,G6PD,449,292,-0.144,0.00598796571649,0.01236047969,no
GAPDH|GAPDH,GAPDH,449,292,-0.1535,0.0156612237705,0.0309103100734,no
GSK3A GSK3B|GSK3_pS9,GSK3A;GSK3B,449,292,-0.03485,0.891467638656,0.844537762746,no
NRG1|Heregulin,NRG1,449,292,-0.0476,0.334562029817,0.422901442185,no
MYH11|MYH11,MYH11,449,292,0.37205,1.34953202031e-05,4.60067734195e-05,no
MYH9|Myosin-IIa_pS1943,MYH9,449,292,-0.35925,3.15332738275e-08,1.64999688633e-07,no
NRAS|N-Ras,NRAS,449,292,-0.07955,0.825569020081,0.844537762746,no
NDRG1|NDRG1_pT346,NDRG1,449,292,-0.1089,0.0168633986782,0.0326473000487,no
CDKN1A|p21,CDKN1A,449,292,-0.0202,0.825432286092,0.844537762746,no
CDKN1B|p27_pT198,CDKN1B,449,292,-0.3319,5.31285811397e-08,2.65642905698e-07,no
RPS6KA1|p90RSK,RPS6KA1,449,292,0.1143,0.380875891118,0.473464505534,no
PDCD4|PDCD4,PDCD4,449,292,0.09235,0.121457165443,0.180979220031,no
PDK1|PDK1,PDK1,449,292,0.47245,1.01148148156e-15,1.51722222233e-14,no
PEA15|PEA15_pS116,PEA15,449,292,-0.08025,0.148189652957,0.216510856593,no
PIK3R1 PIK3R2|PI3K-p85,PIK3R1;PIK3R2,449,292,0.25085,0.00119323217438,0.00285614084293,no
PRKCB|PKC-pan_BetaII_pS660,PRKCB,449,292,-0.20445,0.02405745024,0.0447349281322,no
PRDX1|PRDX1,PRDX1,449,292,-0.05055,0.694960320299,0.797786081976,no
RAB11A RAB11B|Rab11,RAB11A;RAB11B,449,292,0.2768,0.000625485364836,0.00159925235327,no
RAB25|Rab25,RAB25,449,292,0.1508,0.00585460749905,0.0121970989564,no
RPTOR|Raptor,RPTOR,449,292,0.37765,9.69624813902e-07,3.96664696596e-06,no
RBM15|RBM15,RBM15,449,292,-0.36945,6.5375332946e-07,2.88420586527e-06,no
RICTOR|Rictor,RICTOR,449,292,0.22065,0.000110790400851,0.000323738184305,no
RICTOR|Rictor_pT1135,RICTOR,449,292,0.1815,0.00249192843732,0.00556423391022,no
SCD|SCD,SCD,449,292,-0.03525,0.108945878861,0.163418818292,no
SRSF1|SF2,SRSF1,449,292,0.0989,0.0193031258828,0.0366350378078,no
WWTR1|TAZ,WWTR1,449,292,-0.16215,0.0463412389051,0.0808277422763,no
TIGAR|TIGAR,TIGAR,449,292,-0.0972,0.0239148967374,0.0447349281322,no
TGM2|Transglutaminase,TGM2,449,292,-0.2558,5.65853719467e-06,2.02090614095e-05,no
TFRC|TFRC,TFRC,449,292,-0.3288,1.17057015032e-05,4.05197359726e-05,no
TSC1|TSC1,TSC1,449,292,-0.2149,0.000512998210851,0.00132671951082,no
TSC2|Tuberin_pT1462,TSC2,449,292,0.28645,0.000665388581943,0.00168216214536,no
EPPK1|EPPK1,EPPK1,449,292,-0.0918,0.895355792989,0.844537762746,no
XBP1|XBP1,XBP1,449,292,0.0251,0.923056475628,0.844537762746,no
TUBA1B|Acetyl-a-Tubulin-Lys40,TUBA1B,449,292,0.0934,0.771333465079,0.844537762746,no
SQSTM1|p62-LCK-ligand,SQSTM1,449,292,-0.14255,0.0285365132747,0.0522009389171,no
YWHAB|14-3-3_beta,YWHAB,449,292,0.0673,0.309680889415,0.400449425968,no
YWHAZ|14-3-3_zeta,YWHAZ,449,292,-0.0686,0.553044926918,0.654921623982,no
ACVRL1|ACVRL1,ACVRL1,449,292,-0.12835,0.0527078728812,0.0899160939393,no
DIRAS3|DIRAS3,DIRAS3,449,292,0.16185,0.00558985728264,0.0117543727906,no
ANXA1|Annexin-1,ANXA1,449,292,-0.2749,2.15381559683e-06,8.21370354724e-06,no
PREX1|PREX1,PREX1,449,292,0.74025,9.41749209683e-22,2.11893572179e-20,yes
ENY2|ENY2,ENY2,449,292,nan,nan,0.844537762746,no
KAT2A|GCN5L2,KAT2A,449,292,nan,nan,0.844537762746,no
ADAR|ADAR1,ADAR,449,292,-0.2655,0.00210452988842,0.00478302247367,no
COPS5|JAB1,COPS5,449,292,0.0715,0.275868609057,0.368621682044,no
MET|c-Met,MET,449,292,0.04785,0.0560541610116,0.0941207927433,no
CASP8|Caspase-8,CASP8,449,292,-0.0126,0.814509753403,0.844537762746,no
ERCC1|ERCC1,ERCC1,449,292,0.01785,0.864466807453,0.844537762746,no
MSH2|MSH2,MSH2,449,292,-0.1949,0.000249102165176,0.000667237942436,no
MSH6|MSH6,MSH6,449,292,-0.37105,3.46333311581e-09,1.94812487764e-08,no
PARP1|PARP_cleaved,PARP1,449,292,-0.10085,0.00638080435679,0.0129340628854,no
RB1|Rb,RB1,449,292,0.0552,0.0122374343403,0.0243665728015,no
SETD2|SETD2,SETD2,449,292,-0.0738,0.332805755819,0.422901442185,no
DIABLO|Smac,DIABLO,449,292,0.2116,3.42353711226e-05,0.000108992052972,no
SNAI1|Snail,SNAI1,449,292,-0.2324,4.27403187017e-06,1.55105995289e-05,no
AXL|Axl,AXL,449,292,nan,nan,1,no
MYH9|Myosin-IIa,MYH9,449,292,nan,nan,1,no
SLC1A5|SLC1A5,SLC1A5,449,292,nan,nan,1,no
GATA6|GATA6,GATA6,449,292,nan,nan,1,no
BRD4|BRD4,BRD4,449,292,-0.11855,0.0980458004476,0.150452516786,no
CDK1|CDK1_pY15,CDK1,449,292,-0.42235,3.07713875493e-10,2.09804915109e-09,no
ARAF|A-Raf,ARAF,449,292,0.2635,0.000235456220809,0.000638284935928,no
BRAF|B-Raf_pS445,BRAF,449,292,0.313,5.82792258286e-08,2.85061430683e-07,no
BCL2A1|Bcl2A1,BCL2A1,449,292,0.12645,0.298526274455,0.390514021816,no
ABL1|c-Abl,ABL1,449,292,0.0785,0.309012323702,0.400449425968,no
CASP3|Caspase-3,CASP3,449,292,-0.2991,8.51715790636e-11,6.38786842977e-10,no
DPP4|CD26,DPP4,449,292,0.0788,0.0982956443003,0.150452516786,no
CHEK1|Chk1_pS296;CHEK1|CHK1_pS296,CHEK1,449,292,-0.261,5.2727334537e-05,0.000162515757134,no
COG3|COG3,COG3,449,292,0.2472,0.00123202017321,0.00291794251549,no
GUSP4|DUSP4,GUSP4,449,292,0.13025,0.206851733184,0.289078509108,no
ERCC5|ERCC5,ERCC5,449,292,0.0351,0.23726867074,0.325521042174,no
IGFR1|IGF1R_pY1135_Y1136,IGFR1,449,292,0.05405,0.289238409984,0.382815542626,no
IRF1|IRF-1,IRF1,449,292,-0.0901,0.153532166281,0.222869273633,no
JAK2|Jak2,JAK2,449,292,-0.1677,0.000684896602057,0.00171224150514,no
CDKN2A|P16INK4A;CDKN2A|p16_INK4a,CDKN2A,449,292,-0.1914,5.9288153461e-05,0.000180268034172,no
PTPN11|SHP-2_pY542,PTPN11,449,292,-0.07115,0.155719967665,0.224596107209,no
PARP1|PARP1,PARP1,449,292,nan,nan,1,no
CASP9|Caspase-9,CASP9,449,292,nan,nan,1,no
NKX2-1|TTF1,NKX2-1,449,292,nan,nan,1,no
CTNNA1|alpha-Catenin,CTNNA1,449,292,nan,nan,1,no
