rank_sum,mean_rank,combination_count,probability,n_universe,class_size
6,2.0,1,4.89821509042105e-06,108,3
7,2.3333333333333335,1,4.89821509042105e-06,108,3
8,2.6666666666666665,2,9.7964301808421e-06,108,3
9,3.0,3,1.4694645271263151e-05,108,3
10,3.3333333333333335,4,1.95928603616842e-05,108,3
11,3.6666666666666665,5,2.4491075452105253e-05,108,3
12,4.0,7,3.4287505632947356e-05,108,3
13,4.333333333333333,8,3.91857207233684e-05,108,3
14,4.666666666666667,10,4.898215090421051e-05,108,3
15,5.0,12,5.8778581085052606e-05,108,3
16,5.333333333333333,14,6.857501126589471e-05,108,3
17,5.666666666666667,16,7.83714414467368e-05,108,3
18,6.0,19,9.306608671799996e-05,108,3
19,6.333333333333333,21,0.00010286251689884207,108,3
20,6.666666666666667,24,0.00011755716217010521,108,3
21,7.0,27,0.00013225180744136836,108,3
22,7.333333333333333,30,0.00014694645271263153,108,3
23,7.666666666666667,33,0.00016164109798389467,108,3
24,8.0,37,0.00018123395834557888,108,3
25,8.333333333333334,40,0.00019592860361684203,108,3
26,8.666666666666666,44,0.0002155214639785262,108,3
27,9.0,48,0.00023511432434021042,108,3
28,9.333333333333334,52,0.00025470718470189463,108,3
29,9.666666666666666,56,0.00027430004506357884,108,3
30,10.0,61,0.0002987911205156841,108,3
31,10.333333333333334,65,0.0003183839808773683,108,3
32,10.666666666666666,70,0.00034287505632947356,108,3
33,11.0,75,0.0003673661317815788,108,3
34,11.333333333333334,80,0.00039185720723368406,108,3
35,11.666666666666666,85,0.0004163482826857893,108,3
36,12.0,91,0.0004457375732283156,108,3
37,12.333333333333334,96,0.00047022864868042085,108,3
38,12.666666666666666,102,0.0004996179392229472,108,3
39,13.0,108,0.0005290072297654734,108,3
40,13.333333333333334,114,0.0005583965203079998,108,3
41,13.666666666666666,120,0.0005877858108505261,108,3
42,14.0,127,0.0006220733164834734,108,3
43,14.333333333333334,133,0.0006514626070259997,108,3
44,14.666666666666666,140,0.0006857501126589471,108,3
45,15.0,147,0.0007200376182918944,108,3
46,15.333333333333334,154,0.0007543251239248418,108,3
47,15.666666666666666,161,0.0007886126295577891,108,3
48,16.0,169,0.0008277983502811575,108,3
49,16.333333333333332,176,0.0008620858559141048,108,3
50,16.666666666666668,184,0.0009012715766374733,108,3
51,17.0,192,0.0009404572973608417,108,3
52,17.333333333333332,200,0.0009796430180842102,108,3
53,17.666666666666668,208,0.0010188287388075785,108,3
54,18.0,217,0.001062912674621368,108,3
55,18.333333333333332,225,0.0011020983953447365,108,3
56,18.666666666666668,234,0.0011461823311585259,108,3
57,19.0,243,0.0011902662669723153,108,3
58,19.333333333333332,252,0.0012343502027861047,108,3
59,19.666666666666668,261,0.001278434138599894,108,3
60,20.0,271,0.0013274162895041046,108,3
61,20.333333333333332,280,0.0013715002253178942,108,3
62,20.666666666666668,290,0.0014204823762221047,108,3
63,21.0,300,0.0014694645271263152,108,3
64,21.333333333333332,310,0.0015184466780305257,108,3
65,21.666666666666668,320,0.0015674288289347362,108,3
66,22.0,331,0.0016213091949293678,108,3
67,22.333333333333332,341,0.0016702913458335783,108,3
68,22.666666666666668,352,0.0017241717118282097,108,3
69,23.0,363,0.0017780520778228413,108,3
70,23.333333333333332,374,0.0018319324438174729,108,3
71,23.666666666666668,385,0.0018858128098121045,108,3
72,24.0,397,0.0019445913908971572,108,3
73,24.333333333333332,408,0.0019984717568917888,108,3
74,24.666666666666668,420,0.0020572503379768414,108,3
75,25.0,432,0.0021160289190618937,108,3
76,25.333333333333332,444,0.0021748075001469464,108,3
77,25.666666666666668,456,0.002233586081231999,108,3
78,26.0,469,0.0022972628774074726,108,3
79,26.333333333333332,481,0.0023560414584925253,108,3
80,26.666666666666668,494,0.002419718254667999,108,3
81,27.0,507,0.0024833950508434724,108,3
82,27.333333333333332,520,0.0025470718470189464,108,3
83,27.666666666666668,533,0.00261074864319442,108,3
84,28.0,547,0.0026793236544603144,108,3
85,28.333333333333332,560,0.0027430004506357884,108,3
86,28.666666666666668,574,0.002811575461901683,108,3
87,29.0,588,0.0028801504731675778,108,3
88,29.333333333333332,602,0.0029487254844334726,108,3
89,29.666666666666668,616,0.003017300495699367,108,3
90,30.0,631,0.003090773722055683,108,3
91,30.333333333333332,645,0.0031593487333215777,108,3
92,30.666666666666668,660,0.0032328219596778934,108,3
93,31.0,675,0.003306295186034209,108,3
94,31.333333333333332,690,0.003379768412390525,108,3
95,31.666666666666668,705,0.0034532416387468407,108,3
96,32.0,721,0.0035316130801935773,108,3
97,32.333333333333336,736,0.003605086306549893,108,3
98,32.666666666666664,752,0.00368345774799663,108,3
99,33.0,768,0.0037618291894433668,108,3
100,33.333333333333336,784,0.003840200630890104,108,3
101,33.666666666666664,800,0.003918572072336841,108,3
102,34.0,817,0.004001841728873998,108,3
103,34.333333333333336,833,0.004080213170320735,108,3
104,34.666666666666664,850,0.004163482826857893,108,3
105,35.0,867,0.004246752483395051,108,3
106,35.333333333333336,884,0.004330022139932208,108,3
107,35.666666666666664,901,0.004413291796469367,108,3
108,36.0,919,0.004501459668096945,108,3
109,36.333333333333336,936,0.0045847293246341035,108,3
110,36.666666666666664,954,0.004672897196261682,108,3
111,37.0,972,0.004761065067889261,108,3
112,37.333333333333336,989,0.004844334724426419,108,3
113,37.666666666666664,1006,0.004927604380963577,108,3
114,38.0,1023,0.0050108740375007345,108,3
115,38.333333333333336,1039,0.005089245478947471,108,3
116,38.666666666666664,1055,0.005167616920394209,108,3
117,39.0,1071,0.005245988361840945,108,3
118,39.333333333333336,1086,0.005319461588197261,108,3
119,39.666666666666664,1101,0.005392934814553577,108,3
120,40.0,1116,0.0054664080409098925,108,3
121,40.333333333333336,1130,0.005534983052175787,108,3
122,40.666666666666664,1144,0.005603558063441682,108,3
123,41.0,1158,0.005672133074707576,108,3
124,41.333333333333336,1171,0.00573580987088305,108,3
125,41.666666666666664,1184,0.005799486667058524,108,3
126,42.0,1197,0.005863163463233997,108,3
127,42.333333333333336,1209,0.0059219420443190505,108,3
128,42.666666666666664,1221,0.005980720625404103,108,3
129,43.0,1233,0.006039499206489155,108,3
130,43.333333333333336,1244,0.006093379572483787,108,3
131,43.666666666666664,1255,0.006147259938478419,108,3
132,44.0,1266,0.00620114030447305,108,3
133,44.333333333333336,1276,0.0062501224553772605,108,3
134,44.666666666666664,1286,0.006299104606281471,108,3
135,45.0,1296,0.0063480867571856815,108,3
136,45.333333333333336,1305,0.006392170692999471,108,3
137,45.666666666666664,1314,0.006436254628813261,108,3
138,46.0,1323,0.0064803385646270495,108,3
139,46.333333333333336,1331,0.006519524285350418,108,3
140,46.666666666666664,1339,0.006558710006073787,108,3
141,47.0,1347,0.006597895726797155,108,3
142,47.333333333333336,1354,0.006632183232430103,108,3
143,47.666666666666664,1361,0.00666647073806305,108,3
144,48.0,1368,0.006700758243695997,108,3
145,48.333333333333336,1374,0.006730147534238524,108,3
146,48.666666666666664,1380,0.00675953682478105,108,3
147,49.0,1386,0.006788926115323576,108,3
148,49.333333333333336,1391,0.006813417190775681,108,3
149,49.666666666666664,1396,0.0068379082662277865,108,3
150,50.0,1401,0.006862399341679892,108,3
151,50.333333333333336,1405,0.006881992202041576,108,3
152,50.666666666666664,1409,0.0069015850624032605,108,3
153,51.0,1413,0.006921177922764944,108,3
154,51.333333333333336,1416,0.0069358725680362075,108,3
155,51.666666666666664,1419,0.006950567213307471,108,3
156,52.0,1422,0.006965261858578734,108,3
157,52.333333333333336,1424,0.006975058288759576,108,3
158,52.666666666666664,1426,0.006984854718940418,108,3
159,53.0,1428,0.006994651149121261,108,3
160,53.333333333333336,1429,0.0069995493642116815,108,3
161,53.666666666666664,1430,0.007004447579302102,108,3
162,54.0,1431,0.007009345794392523,108,3
163,54.333333333333336,1431,0.007009345794392523,108,3
164,54.666666666666664,1431,0.007009345794392523,108,3
165,55.0,1431,0.007009345794392523,108,3
166,55.333333333333336,1430,0.007004447579302102,108,3
167,55.666666666666664,1429,0.0069995493642116815,108,3
168,56.0,1428,0.006994651149121261,108,3
169,56.333333333333336,1426,0.006984854718940418,108,3
170,56.666666666666664,1424,0.006975058288759576,108,3
171,57.0,1422,0.006965261858578734,108,3
172,57.333333333333336,1419,0.006950567213307471,108,3
173,57.666666666666664,1416,0.0069358725680362075,108,3
174,58.0,1413,0.006921177922764944,108,3
175,58.333333333333336,1409,0.0069015850624032605,108,3
176,58.666666666666664,1405,0.006881992202041576,108,3
177,59.0,1401,0.006862399341679892,108,3
178,59.333333333333336,1396,0.0068379082662277865,108,3
179,59.666666666666664,1391,0.006813417190775681,108,3
180,60.0,1386,0.006788926115323576,108,3
181,60.333333333333336,1380,0.00675953682478105,108,3
182,60.666666666666664,1374,0.006730147534238524,108,3
183,61.0,1368,0.006700758243695997,108,3
184,61.333333333333336,1361,0.00666647073806305,108,3
185,61.666666666666664,1354,0.006632183232430103,108,3
186,62.0,1347,0.006597895726797155,108,3
187,62.333333333333336,1339,0.006558710006073787,108,3
188,62.666666666666664,1331,0.006519524285350418,108,3
189,63.0,1323,0.0064803385646270495,108,3
190,63.333333333333336,1314,0.006436254628813261,108,3
191,63.666666666666664,1305,0.006392170692999471,108,3
192,64.0,1296,0.0063480867571856815,108,3
193,64.33333333333333,1286,0.006299104606281471,108,3
194,64.66666666666667,1276,0.0062501224553772605,108,3
195,65.0,1266,0.00620114030447305,108,3
196,65.33333333333333,1255,0.006147259938478419,108,3
197,65.66666666666667,1244,0.006093379572483787,108,3
198,66.0,1233,0.006039499206489155,108,3
199,66.33333333333333,1221,0.005980720625404103,108,3
200,66.66666666666667,1209,0.0059219420443190505,108,3
201,67.0,1197,0.005863163463233997,108,3
202,67.33333333333333,1184,0.005799486667058524,108,3
203,67.66666666666667,1171,0.00573580987088305,108,3
204,68.0,1158,0.005672133074707576,108,3
205,68.33333333333333,1144,0.005603558063441682,108,3
206,68.66666666666667,1130,0.005534983052175787,108,3
207,69.0,1116,0.0054664080409098925,108,3
208,69.33333333333333,1101,0.005392934814553577,108,3
209,69.66666666666667,1086,0.005319461588197261,108,3
210,70.0,1071,0.005245988361840945,108,3
211,70.33333333333333,1055,0.005167616920394209,108,3
212,70.66666666666667,1039,0.005089245478947471,108,3
213,71.0,1023,0.0050108740375007345,108,3
214,71.33333333333333,1006,0.004927604380963577,108,3
215,71.66666666666667,989,0.004844334724426419,108,3
216,72.0,972,0.004761065067889261,108,3
217,72.33333333333333,954,0.004672897196261682,108,3
218,72.66666666666667,936,0.0045847293246341035,108,3
219,73.0,919,0.004501459668096945,108,3
220,73.33333333333333,901,0.004413291796469367,108,3
221,73.66666666666667,884,0.004330022139932208,108,3
222,74.0,867,0.004246752483395051,108,3
223,74.33333333333333,850,0.004163482826857893,108,3
224,74.66666666666667,833,0.004080213170320735,108,3
225,75.0,817,0.004001841728873998,108,3
226,75.33333333333333,800,0.003918572072336841,108,3
227,75.66666666666667,784,0.003840200630890104,108,3
228,76.0,768,0.0037618291894433668,108,3
229,76.33333333333333,752,0.00368345774799663,108,3
230,76.66666666666667,736,0.003605086306549893,108,3
231,77.0,721,0.0035316130801935773,108,3
232,77.33333333333333,705,0.0034532416387468407,108,3
233,77.66666666666667,690,0.003379768412390525,108,3
234,78.0,675,0.003306295186034209,108,3
235,78.33333333333333,660,0.0032328219596778934,108,3
236,78.66666666666667,645,0.0031593487333215777,108,3
237,79.0,631,0.003090773722055683,108,3
238,79.33333333333333,616,0.003017300495699367,108,3
239,79.66666666666667,602,0.0029487254844334726,108,3
240,80.0,588,0.0028801504731675778,108,3
241,80.33333333333333,574,0.002811575461901683,108,3
242,80.66666666666667,560,0.0027430004506357884,108,3
243,81.0,547,0.0026793236544603144,108,3
244,81.33333333333333,533,0.00261074864319442,108,3
245,81.66666666666667,520,0.0025470718470189464,108,3
246,82.0,507,0.0024833950508434724,108,3
247,82.33333333333333,494,0.002419718254667999,108,3
248,82.66666666666667,481,0.0023560414584925253,108,3
249,83.0,469,0.0022972628774074726,108,3
250,83.33333333333333,456,0.002233586081231999,108,3
251,83.66666666666667,444,0.0021748075001469464,108,3
252,84.0,432,0.0021160289190618937,108,3
253,84.33333333333333,420,0.0020572503379768414,108,3
254,84.66666666666667,408,0.0019984717568917888,108,3
255,85.0,397,0.0019445913908971572,108,3
256,85.33333333333333,385,0.0018858128098121045,108,3
257,85.66666666666667,374,0.0018319324438174729,108,3
258,86.0,363,0.0017780520778228413,108,3
259,86.33333333333333,352,0.0017241717118282097,108,3
260,86.66666666666667,341,0.0016702913458335783,108,3
261,87.0,331,0.0016213091949293678,108,3
262,87.33333333333333,320,0.0015674288289347362,108,3
263,87.66666666666667,310,0.0015184466780305257,108,3
264,88.0,300,0.0014694645271263152,108,3
265,88.33333333333333,290,0.0014204823762221047,108,3
266,88.66666666666667,280,0.0013715002253178942,108,3
267,89.0,271,0.0013274162895041046,108,3
268,89.33333333333333,261,0.001278434138599894,108,3
269,89.66666666666667,252,0.0012343502027861047,108,3
270,90.0,243,0.0011902662669723153,108,3
271,90.33333333333333,234,0.0011461823311585259,108,3
272,90.66666666666667,225,0.0011020983953447365,108,3
273,91.0,217,0.001062912674621368,108,3
274,91.33333333333333,208,0.0010188287388075785,108,3
275,91.66666666666667,200,0.0009796430180842102,108,3
276,92.0,192,0.0009404572973608417,108,3
277,92.33333333333333,184,0.0009012715766374733,108,3
278,92.66666666666667,176,0.0008620858559141048,108,3
279,93.0,169,0.0008277983502811575,108,3
280,93.33333333333333,161,0.0007886126295577891,108,3
281,93.66666666666667,154,0.0007543251239248418,108,3
282,94.0,147,0.0007200376182918944,108,3
283,94.33333333333333,140,0.0006857501126589471,108,3
284,94.66666666666667,133,0.0006514626070259997,108,3
285,95.0,127,0.0006220733164834734,108,3
286,95.33333333333333,120,0.0005877858108505261,108,3
287,95.66666666666667,114,0.0005583965203079998,108,3
288,96.0,108,0.0005290072297654734,108,3
289,96.33333333333333,102,0.0004996179392229472,108,3
290,96.66666666666667,96,0.00047022864868042085,108,3
291,97.0,91,0.0004457375732283156,108,3
292,97.33333333333333,85,0.0004163482826857893,108,3
293,97.66666666666667,80,0.00039185720723368406,108,3
294,98.0,75,0.0003673661317815788,108,3
295,98.33333333333333,70,0.00034287505632947356,108,3
296,98.66666666666667,65,0.0003183839808773683,108,3
297,99.0,61,0.0002987911205156841,108,3
298,99.33333333333333,56,0.00027430004506357884,108,3
299,99.66666666666667,52,0.00025470718470189463,108,3
300,100.0,48,0.00023511432434021042,108,3
301,100.33333333333333,44,0.0002155214639785262,108,3
302,100.66666666666667,40,0.00019592860361684203,108,3
303,101.0,37,0.00018123395834557888,108,3
304,101.33333333333333,33,0.00016164109798389467,108,3
305,101.66666666666667,30,0.00014694645271263153,108,3
306,102.0,27,0.00013225180744136836,108,3
307,102.33333333333333,24,0.00011755716217010521,108,3
308,102.66666666666667,21,0.00010286251689884207,108,3
309,103.0,19,9.306608671799996e-05,108,3
310,103.33333333333333,16,7.83714414467368e-05,108,3
311,103.66666666666667,14,6.857501126589471e-05,108,3
312,104.0,12,5.8778581085052606e-05,108,3
313,104.33333333333333,10,4.898215090421051e-05,108,3
314,104.66666666666667,8,3.91857207233684e-05,108,3
315,105.0,7,3.4287505632947356e-05,108,3
316,105.33333333333333,5,2.4491075452105253e-05,108,3
317,105.66666666666667,4,1.95928603616842e-05,108,3
318,106.0,3,1.4694645271263151e-05,108,3
319,106.33333333333333,2,9.7964301808421e-06,108,3
320,106.66666666666667,1,4.89821509042105e-06,108,3
321,107.0,1,4.89821509042105e-06,108,3
