rank_comp,drug,n_assoc,C_ACC,C_ACC_pct,MIPE_potency_pct,NCI60_potency_pct,residual,residual_pct,ADRS_comp
1,Irinotecan,11,0.0852186526621,0.803738317757,0.803738317757,0.280373831776,0.396020769857,0.953271028037,0.878504672897
2,Cytarabine,9,0.165980011439,0.953271028037,0.663551401869,0.299065420561,0.247980028258,0.785046728972,0.869158878505
3,Ixazomib,5,0.320545517159,0.990654205607,0.869158878505,0.869158878505,0.21404582072,0.738317757009,0.864485981308
4,Daunorubicin,12,0.122067209151,0.88785046729,0.897196261682,0.81308411215,0.26564468103,0.822429906542,0.855140186916
5,Mitomycin,12,0.111453609151,0.869158878505,0.859813084112,0.719626168224,0.267530632013,0.831775700935,0.85046728972
6,Belinostat,5,0.147076517159,0.92523364486,0.841121495327,0.747663551402,0.237058304662,0.766355140187,0.845794392523
7,Brigatinib,8,0.0617843761154,0.757009345794,0.831775700935,0.607476635514,0.286616203099,0.878504672897,0.817757009346
8,Abemaciclib,5,0.149330392159,0.934579439252,0.738317757009,0.663551401869,0.169596782042,0.691588785047,0.81308411215
9,Actinomycin D,12,0.057378275818,0.719626168224,0.990654205607,0.981308411215,0.28841819356,0.88785046729,0.803738317757
10,Docetaxel,12,0.0871393424847,0.81308411215,0.934579439252,0.915887850467,0.259831817192,0.794392523364,0.803738317757
11,Crizotinib,17,0.0461115568635,0.654205607477,0.878504672897,0.616822429907,0.329418262206,0.943925233645,0.799065420561
12,Olaparib,1,0.0497852843175,0.672897196262,0.654205607477,0.130841121495,0.309318665261,0.92523364486,0.799065420561
13,Celecoxib,2,0.040676627454,0.542056074766,0.953271028037,0.233644859813,0.565188044413,0.990654205607,0.766355140187
14,Fluorouracil,12,0.124909275818,0.897196261682,0.495327102804,0.214953271028,0.11509794489,0.635514018692,0.766355140187
15,Homoharringtonine,1,0.0410692843175,0.560747663551,0.971962616822,0.897196261682,0.305068820472,0.915887850467,0.738317757009
16,Ibrutinib,13,0.0435033210794,0.607476635514,0.757009345794,0.467289719626,0.270753540788,0.85046728972,0.728971962617
17,Mitotane,1,0.0410922843175,0.570093457944,0.672897196262,0.242990654206,0.280887299782,0.869158878505,0.719626168224
18,Paclitaxel,10,0.0979483182515,0.831775700935,0.785046728972,0.971962616822,0.0867376297793,0.598130841121,0.714953271028
19,Axitinib,1,0.0398967843175,0.490654205607,0.747663551402,0.317757009346,0.32423835208,0.934579439252,0.71261682243
20,Mercaptopurine,27,0.105412271242,0.841121495327,0.532710280374,0.401869158879,0.0739428653545,0.579439252336,0.710280373832
21,Romidepsin,1,0.0408750343175,0.551401869159,0.96261682243,0.953271028037,0.272161548948,0.859813084112,0.705607476636
22,Ceritinib,12,0.061631875818,0.747663551402,0.700934579439,0.644859813084,0.140067430182,0.644859813084,0.696261682243
23,Doxorubicin,1,0.192350534317,0.971962616822,0.588785046729,0.841121495327,-0.0545472724895,0.411214953271,0.691588785047
24,Idarubicin,11,0.0598858669479,0.738317757009,0.775700934579,0.906542056075,0.104880225374,0.626168224299,0.682242990654
25,Nilotinib,14,0.0512927727806,0.700934579439,0.644859813084,0.495327102804,0.146823269512,0.654205607477,0.677570093458
26,Palbociclib,26,0.0525344530093,0.710280373832,0.579439252336,0.457943925234,0.0971103601853,0.607476635514,0.658878504673
27,Epirubicin,4,0.13490701961,0.906542056075,0.560747663551,0.794392523364,-0.0629500913905,0.392523364486,0.64953271028
28,Bosutinib,1,0.0402805343175,0.528037383178,0.766355140187,0.579439252336,0.232976380917,0.757009345794,0.642523364486
29,Panobinostat,1,0.0432442843175,0.598130841121,0.85046728972,0.943925233645,0.163938929093,0.672897196262,0.635514018692
30,Cobimetinib,29,0.0322999105397,0.364485981308,0.906542056075,0.766355140187,0.294625039699,0.897196261682,0.630841121495
31,Hydroxyurea,7,0.118208213727,0.878504672897,0.224299065421,0,-0.0656110968209,0.383177570093,0.630841121495
32,Chlorambucil,6,0.0238852374744,0.242990654206,0.943925233645,0.102803738318,0.610819029995,1,0.621495327103
33,Lapatinib,1,0.0402805343175,0.528037383178,0.682242990654,0.476635514019,0.192060272792,0.710280373832,0.619158878505
34,Gemcitabine,4,0.170513733896,0.96261682243,0.420560747664,0.803738317757,-0.207063920134,0.252336448598,0.607476635514
35,Osimertinib,2,0.033761227454,0.392523364486,0.81308411215,0.626168224299,0.260070788603,0.803738317757,0.598130841121
36,Tivozanib,1,0.0394192843175,0.467289719626,0.710280373832,0.504672897196,0.208316917404,0.728971962617,0.598130841121
37,Acalabrutinib,1,0.0445287843175,0.626168224299,0.383177570093,0.121495327103,0.0422175407331,0.560747663551,0.593457943925
38,Melphalan,6,0.0230372374744,0.205607476636,0.915887850467,0.18691588785,0.54743943112,0.981308411215,0.593457943925
39,Fulvestrant,2,0.039469627454,0.476635514019,0.504672897196,0.0841121495327,0.179420519257,0.700934579439,0.588785046729
40,Erlotinib,11,0.050977509805,0.682242990654,0.467289719626,0.383177570093,0.0163761303174,0.485981308411,0.584112149533
41,Ixabepilone,11,0.107642938376,0.859813084112,0.570093457944,1,-0.139996379815,0.308411214953,0.584112149533
42,Afatinib,9,0.0230313447725,0.196261682243,0.981308411215,0.691588785047,0.400806697681,0.96261682243,0.579439252336
43,Allopurinol,13,0.0783470710794,0.785046728972,0.205607476636,0.00934579439252,-0.0882295984613,0.373831775701,0.579439252336
44,Etoposide,7,0.081380113727,0.794392523364,0.336448598131,0.355140186916,-0.102684252612,0.355140186916,0.57476635514
45,Tucatinib,2,0.035955427454,0.429906542056,0.607476635514,0.271028037383,0.203686000469,0.719626168224,0.57476635514
46,Carmustine,29,0.0332086605397,0.373831775701,0.551401869159,0.0934579439252,0.222222578364,0.747663551402,0.560747663551
47,Pemetrexed,2,0.228420827454,0.981308411215,0.11214953271,0.373831775701,-0.334837143743,0.140186915888,0.560747663551
48,Tamoxifen,18,0.0440357208224,0.616822429907,0.485981308411,0.420560747664,0.0193600676813,0.495327102804,0.556074766355
49,Decitabine,1,0.0445942843175,0.635514018692,0.289719626168,0.0560747663551,-0.023752013205,0.457943925234,0.546728971963
50,Cyclophosphamide,16,0.0676809545932,0.766355140187,0.158878504673,0.018691588785,-0.138885483279,0.317757009346,0.542056074766
51,Ribociclib,8,0.0266858306609,0.271028037383,0.691588785047,0.336448598131,0.260309760014,0.81308411215,0.542056074766
52,Pralatrexate,2,0.420978027454,1,0.196261682243,0.88785046729,-0.466705201252,0.0280373831776,0.514018691589
53,Vandetanib,6,0.0197031263633,0.121495327103,0.822429906542,0.551401869159,0.300831885838,0.906542056075,0.514018691589
54,Azacitidine,1,0.0471635343175,0.663551401869,0.457943925234,0.672897196262,-0.114703962589,0.345794392523,0.504672897196
55,Tioguanine,16,0.162321796698,0.943925233645,0.121495327103,0.635514018692,-0.435444909299,0.0467289719626,0.495327102804
56,Binimetinib,23,0.0136530822027,0.00934579439252,1,0.514018691589,0.494109630717,0.971962616822,0.490654205607
57,Trifluridine,6,0.135168459697,0.915887850467,0.00934579439252,0.364485981308,-0.433713969206,0.0560747663551,0.485981308411
58,Selinexor,3,0.0275278562117,0.289719626168,0.794392523364,0.831775700935,0.154987117001,0.663551401869,0.476635514019
59,Sirolimus,2,0.036774627454,0.439252336449,0.719626168224,0.96261682243,0.025243981887,0.514018691589,0.476635514019
60,Lomustine,27,0.036844837909,0.448598130841,0.364485981308,0.168224299065,0.00389138767155,0.467289719626,0.457943925234
61,Selumetinib,27,0.0336001045757,0.383177570093,0.514018691589,0.448598130841,0.0356167122929,0.532710280374,0.457943925234
62,Carfilzomib,9,0.0199468447725,0.130841121495,0.92523364486,0.92523364486,0.246559109944,0.775700934579,0.453271028037
63,Erdafitinib,10,0.0586587028669,0.728971962617,0.168224299065,0.439252336449,-0.306250767375,0.177570093458,0.453271028037
64,Dabrafenib,40,0.0739463055179,0.775700934579,0.0747663551402,0.392523364486,-0.380074147024,0.0934579439252,0.434579439252
65,Dasatinib,25,0.0319503620454,0.345794392523,0.635514018692,0.757009345794,0.0275239151708,0.523364485981,0.434579439252
66,Encorafenib,15,0.0451104520706,0.644859813084,0.214953271028,0.411214953271,-0.247741056847,0.214953271028,0.429906542056
67,Trametinib,22,0.0138840854908,0.018691588785,0.88785046729,0.785046728972,0.268079625203,0.841121495327,0.429906542056
68,Methotrexate,27,0.107126971242,0.85046728972,0.102803738318,0.775700934579,-0.513040190914,0,0.42523364486
69,Sunitinib,3,0.0402278562117,0.514018691589,0.392523364486,0.532710280374,-0.121220830508,0.336448598131,0.42523364486
70,Oxaliplatin,31,0.0959249158021,0.822429906542,0.018691588785,0.485981308411,-0.475418041932,0.018691588785,0.420560747664
71,Darolutamide,8,0.0211321033882,0.14953271028,0.523364485981,0.158878504673,0.1666968052,0.682242990654,0.415887850467
72,Temsirolimus,1,0.0417157843175,0.579439252336,0.411214953271,0.822429906542,-0.224263540237,0.233644859813,0.406542056075
73,Estramustine,7,0.022822613727,0.18691588785,0.448598130841,0.140186915888,0.0997842757702,0.616822429907,0.401869158879
74,Raloxifene,14,0.05105959631,0.691588785047,0.0934579439252,0.345794392523,-0.341747993962,0.11214953271,0.401869158879
75,Gilteritinib,1,0.0400650343175,0.504672897196,0.373831775701,0.588785046729,-0.163473896424,0.299065420561,0.401869158879
76,Asciminib,3,0.035087189545,0.420560747664,0.317757009346,0.289719626168,-0.09388745141,0.364485981308,0.392523364486
77,Imatinib,5,0.0279645171587,0.308411214953,0.401869158879,0.252336448598,0.00593234954395,0.476635514019,0.392523364486
78,Topotecan,2,0.032245427454,0.355140186916,0.598130841121,0.859813084112,-0.0530553038075,0.420560747664,0.38785046729
79,Everolimus,11,0.0208270812336,0.140186915888,0.728971962617,0.85046728972,0.0817127305431,0.588785046729,0.364485981308
80,Lorlatinib,2,0.034260227454,0.401869158879,0.242990654206,0.196261682243,-0.129384677997,0.327102803738,0.364485981308
81,Vinorelbine,1,0.0417590343175,0.588785046729,0.345794392523,0.934579439252,-0.336807055248,0.130841121495,0.359813084112
82,Cabozantinib,1,0.0398967843175,0.490654205607,0.280373831776,0.523364485981,-0.229443450363,0.224299065421,0.357476635514
83,Fludarabine,4,0.0253081624671,0.261682242991,0.327102803738,0.14953271028,-0.0256379641879,0.448598130841,0.355140186916
84,Duvelisib,6,0.0219180152522,0.168224299065,0.439252336449,0.308411214953,0.0197540499822,0.504672897196,0.336448598131
85,Vorinostat,18,0.01916133987,0.0934579439252,0.626168224299,0.654205607477,0.0613741621866,0.570093457944,0.331775700935
86,Carboplatin,7,0.023480813727,0.214953271028,0.271028037383,0.0373831775701,-0.0345897762795,0.439252336449,0.327102803738
87,Clofarabine,2,0.039141627454,0.457943925234,0.299065420561,0.700934579439,-0.285363205828,0.18691588785,0.322429906542
88,Dacarbazine,15,0.018756896515,0.0841121495327,0.355140186916,0.0654205607477,0.0377416346873,0.542056074766,0.31308411215
89,Dacomitinib,9,0.0177023447725,0.0560747663551,0.616822429907,0.682242990654,0.0402476292282,0.551401869159,0.303738317757
90,Thiotepa,3,0.031351189545,0.336448598131,0.140186915888,0.0747663551402,-0.181138549196,0.271028037383,0.303738317757
91,Venetoclax,5,0.0283178921587,0.317757009346,0.308411214953,0.542056074766,-0.209259892896,0.242990654206,0.280373831776
92,Dexrazoxane,18,0.0185642922509,0.0747663551402,0.252336448598,0.0280373831776,-0.0493544522092,0.429906542056,0.252336448598
93,Fruquintinib,31,0.0284045628609,0.327102803738,0.0280373831776,0.11214953271,-0.308995733327,0.168224299065,0.247663551402
94,Mitoxantrone,6,0.0235003485855,0.224299065421,0.476635514019,0.878504672897,-0.182404456621,0.261682242991,0.242990654206
95,Vemurafenib,22,0.0270844054908,0.280373831776,0.261682242991,0.560747663551,-0.263842690569,0.205607476636,0.242990654206
96,Cladribine,3,0.0346593562117,0.411214953271,0.0560747663551,0.429906542056,-0.41447338723,0.0654205607477,0.238317757009
97,Valrubicin,11,0.0163143669479,0.0467289719626,0.542056074766,0.738317757009,-0.0580802030438,0.401869158879,0.224299065421
98,umbralisib,5,0.0242790171587,0.252336448598,0.0654205607477,0.205607476636,-0.31088168431,0.14953271028,0.200934579439
99,Sonidegib,4,0.0277705910386,0.299065420561,0.0373831775701,0.327102803738,-0.389968934607,0.0841121495327,0.191588785047
100,Idelalisib,9,0.0177065114392,0.0654205607477,0.233644859813,0.261682242991,-0.166218862377,0.289719626168,0.177570093458
101,Vinblastine,9,0.0194715114392,0.102803738318,0.429906542056,0.990654205607,-0.276256382847,0.196261682243,0.14953271028
102,Abiraterone,39,0.0109419080302,0,0.18691588785,0.177570093458,-0.177605618642,0.280373831776,0.140186915888
103,Cisplatin,6,0.0213114596967,0.158878504673,0.177570093458,0.570093457944,-0.351881752957,0.102803738318,0.130841121495
104,Neratinib,6,0.0237845708078,0.233644859813,0.0841121495327,0.728971962617,-0.512097215422,0.00934579439252,0.121495327103
105,Teniposide,8,0.0227981033882,0.177570093458,0.14953271028,0.710280373832,-0.438822828964,0.0373831775701,0.107476635514
106,Zoledronate,20,0.015039136403,0.0373831775701,0,0.0467289719626,-0.309544726518,0.158878504673,0.0981308411215
107,Bleomycin,16,0.0195430072247,0.11214953271,0.130841121495,0.598130841121,-0.410391463485,0.0747663551402,0.0934579439252
108,Lenvatinib,18,0.0147138160605,0.0280373831776,0.0467289719626,0.224299065421,-0.337427098806,0.121495327103,0.0747663551402
