drugA,drugB,published_Bindex,recovered_BACC_lambda0,abs_diff
Cabozantinib,Axitinib,1.0,1.0,0.0
Lapatinib,Bosutinib,1.0,1.0,0.0
Binimetinib,Trametinib,0.889328063241106,0.889328,6.324110601862998e-08
Trametinib,Cobimetinib,0.879310344827586,0.87931,3.4482758592968565e-07
Selumetinib,Cobimetinib,0.85823754789272,0.858238,4.5210727994682287e-07
Binimetinib,Cobimetinib,0.857571214392803,0.857571,2.1439280306623232e-07
Binimetinib,Selumetinib,0.805152979066022,0.805153,2.093397799551866e-08
Teniposide,Valrubicin,0.755681818181818,0.755682,1.818181819546183e-07
Acalabrutinib,Tucatinib,0.75,0.75,0.0
Fedratinib,Bosutinib,0.75,0.75,0.0
Fedratinib,Lapatinib,0.75,0.75,0.0
Gilteritinib,Lorlatinib,0.75,0.75,0.0
Pipobroman,Trifluridine,0.75,0.75,0.0
Temsirolimus,Sirolimus,0.75,0.75,0.0
Trametinib,Selumetinib,0.742424242424242,0.742424,2.424242420140388e-07
Uracil mustard,Chlorambucil,0.733333333333333,0.733333,3.333333329358368e-07
Pralsetinib,Selpercatinib,0.725606962895098,0.725607,3.7104902039786225e-08
Carmustine,Lomustine,0.715197956577266,0.715198,4.342273396407137e-08
Topotecan,Uracil mustard,0.7,0.7,0.0
Neratinib,Afatinib,0.694444444444444,0.694444,4.4444444402547134e-07
Bosutinib,Sunitinib,0.666666666666666,0.666667,3.333333340460598e-07
Topotecan,Chlorambucil,0.666666666666666,0.666667,3.333333340460598e-07
Cytarabine,Pipobroman,0.666666666666666,0.666667,3.333333340460598e-07
Cytarabine,Triethylenemelamine,0.666666666666666,0.666667,3.333333340460598e-07
Lapatinib,Sunitinib,0.666666666666666,0.666667,3.333333340460598e-07
Melphalan,Topotecan,0.666666666666666,0.666667,3.333333340460598e-07
Pemetrexed,Trifluridine,0.666666666666666,0.666667,3.333333340460598e-07
Thiotepa,Triethylenemelamine,0.666666666666666,0.666667,3.333333340460598e-07
Pralsetinib,Dasatinib,0.654915254237288,0.654915,2.542372879998922e-07
Tioguanine,Mercaptopurine,0.64699074074074,0.646991,2.59259259949296e-07
Docetaxel,Paclitaxel,0.641666666666666,0.641667,3.333333339350375e-07
Brigatinib,Lorlatinib,0.625,0.625,0.0
Osimertinib,Afatinib,0.611111111111111,0.611111,1.1111111108963456e-07
Dacomitinib,Tucatinib,0.611111111111111,0.611111,1.1111111108963456e-07
Ribociclib,Trilaciclib,0.604166666666666,0.604167,3.333333340460598e-07
Dasatinib,Selpercatinib,0.603243243243243,0.603243,2.43243242992186e-07
Temsirolimus,Abemaciclib,0.6,0.6,0.0
Everolimus,Lorlatinib,0.59090909090909,0.590909,9.090909003361958e-08
Irinotecan,Pemetrexed,0.59090909090909,0.590909,9.090909003361958e-08
Zanubrutinib,Ibrutinib,0.587412587412587,0.587413,4.1258741301231083e-07
Pemetrexed,Daunorubicin,0.583333333333333,0.583333,3.333333330468591e-07
Melphalan,Decitabine,0.583333333333333,0.583333,3.333333330468591e-07
Gemcitabine,Thiotepa,0.583333333333333,0.583333,3.333333330468591e-07
Ibrutinib,Tucatinib,0.576923076923076,0.576923,7.692307602003012e-08
Doxorubicin,Etoposide,0.571428571428571,0.571429,4.285714290119813e-07
Ibrutinib,Dacomitinib,0.564102564102564,0.564103,4.3589743603522635e-07
Gilteritinib,Brigatinib,0.5625,0.5625,0.0
Teniposide,Decitabine,0.5625,0.5625,0.0
Olaparib,Teniposide,0.5625,0.5625,0.0
Tioguanine,Pralatrexate,0.5625,0.5625,0.0
Ribociclib,Romidepsin,0.5625,0.5625,0.0
Encorafenib,Vemurafenib,0.56060606060606,0.560606,6.060605994839818e-08
Acalabrutinib,Afatinib,0.555555555555555,0.555556,4.4444444502467206e-07
Dacomitinib,Acalabrutinib,0.555555555555555,0.555556,4.4444444502467206e-07
Dacomitinib,Afatinib,0.555555555555555,0.555556,4.4444444502467206e-07
Carfilzomib,Romidepsin,0.555555555555555,0.555556,4.4444444502467206e-07
Cytarabine,Trifluridine,0.555555555555555,0.555556,4.4444444502467206e-07
Duvelisib,Idelalisib,0.555555555555555,0.555556,4.4444444502467206e-07
Temsirolimus,Idelalisib,0.555555555555555,0.555556,4.4444444502467206e-07
Methotrexate,Pipobroman,0.555555555555555,0.555556,4.4444444502467206e-07
Mitoxantrone,Uracil mustard,0.55,0.55,0.0
Pemigatinib,Temsirolimus,0.55,0.55,0.0
Zanubrutinib,Acalabrutinib,0.545454545454545,0.545455,4.545454550530792e-07
Valrubicin,Decitabine,0.545454545454545,0.545455,4.545454550530792e-07
Doxorubicin,Idarubicin,0.545454545454545,0.545455,4.545454550530792e-07
Everolimus,Gilteritinib,0.545454545454545,0.545455,4.545454550530792e-07
Temsirolimus,Everolimus,0.545454545454545,0.545455,4.545454550530792e-07
Panobinostat,Ixabepilone,0.545454545454545,0.545455,4.545454550530792e-07
Imatinib,Nilotinib,0.542857142857142,0.542857,1.4285714200479305e-07
Raloxifene,Imatinib,0.542857142857142,0.542857,1.4285714200479305e-07
Doxorubicin,Actinomycin D,0.541666666666666,0.541667,3.333333340460598e-07
Actinomycin D,Homoharringtonine,0.541666666666666,0.541667,3.333333340460598e-07
Actinomycin D,Romidepsin,0.541666666666666,0.541667,3.333333340460598e-07
Gemcitabine,Cytarabine,0.541666666666666,0.541667,3.333333340460598e-07
Decitabine,Daunorubicin,0.541666666666666,0.541667,3.333333340460598e-07
Doxorubicin,Daunorubicin,0.541666666666666,0.541667,3.333333340460598e-07
Mitomycin,Decitabine,0.541666666666666,0.541667,3.333333340460598e-07
Doxorubicin,Mitomycin,0.541666666666666,0.541667,3.333333340460598e-07
Panobinostat,Fluorouracil,0.541666666666666,0.541667,3.333333340460598e-07
Ibrutinib,Acalabrutinib,0.538461538461538,0.538462,4.6153846200436277e-07
Fedratinib,Palbociclib,0.538461538461538,0.538462,4.6153846200436277e-07
Methotrexate,Clofarabine,0.537037037037037,0.537037,3.703703699287075e-08
Mercaptopurine,Pralatrexate,0.537037037037037,0.537037,3.703703699287075e-08
Methotrexate,Pemetrexed,0.537037037037037,0.537037,3.703703699287075e-08
Methotrexate,Pralatrexate,0.537037037037037,0.537037,3.703703699287075e-08
Nitrogen mustard,Idarubicin,0.536931818181818,0.536932,1.818181819546183e-07
Teniposide,Etoposide,0.535714285714285,0.535714,2.857142850087868e-07
Carmustine,Avapritinib,0.534482758620689,0.534483,2.4137931109446953e-07
Uracil mustard,Triethylenemelamine,0.533333333333333,0.533333,3.333333330468591e-07
Oxaliplatin,Pralatrexate,0.532258064516129,0.532258,6.451612899471826e-08
Tioguanine,Axitinib,0.53125,0.53125,0.0
Gilteritinib,Bleomycin,0.53125,0.53125,0.0
Tioguanine,Cabozantinib,0.53125,0.53125,0.0
Nitrogen mustard,Decitabine,0.53125,0.53125,0.0
Crizotinib,Axitinib,0.529411764705882,0.529412,2.352941179672996e-07
Ifosfamide,Axitinib,0.529411764705882,0.529412,2.352941179672996e-07
Crizotinib,Cabozantinib,0.529411764705882,0.529412,2.352941179672996e-07
Cabozantinib,Ifosfamide,0.529411764705882,0.529412,2.352941179672996e-07
Doxorubicin,Crizotinib,0.529411764705882,0.529412,2.352941179672996e-07
Panobinostat,Tamoxifen,0.527777777777777,0.527778,2.2222222295642524e-07
Panobinostat,Vorinostat,0.527777777777777,0.527778,2.2222222295642524e-07
Selumetinib,Dabrafenib,0.527314814814814,0.527315,1.851851859635545e-07
Selpercatinib,Lorlatinib,0.527027027027027,0.527027,2.7027026949788535e-08
Pralsetinib,Erdafitinib,0.526271186440677,0.526271,1.8644067700801514e-07
Irinotecan,Daunorubicin,0.522727272727272,0.522727,2.727272719882379e-07
Mitotane,Dasatinib,0.52,0.52,0.0
Bosutinib,Palbociclib,0.519230769230769,0.519231,2.3076923094667023e-07
Lapatinib,Palbociclib,0.519230769230769,0.519231,2.3076923094667023e-07
Lomustine,Axitinib,0.518518518518518,0.518519,4.814814819065205e-07
Methotrexate,Azacitidine,0.518518518518518,0.518519,4.814814819065205e-07
Cabozantinib,Lomustine,0.518518518518518,0.518519,4.814814819065205e-07
Methotrexate,Decitabine,0.518518518518518,0.518519,4.814814819065205e-07
Encorafenib,Selumetinib,0.518518518518518,0.518519,4.814814819065205e-07
Panobinostat,Methotrexate,0.518518518518518,0.518519,4.814814819065205e-07
Imatinib,Crizotinib,0.517647058823529,0.517647,5.882352904773569e-08
Carmustine,Axitinib,0.517241379310344,0.517241,3.7931034402305386e-07
Carmustine,Cabozantinib,0.517241379310344,0.517241,3.7931034402305386e-07
Pralsetinib,Lorlatinib,0.516949152542372,0.516949,1.5254237195616582e-07
Fruquintinib,Pralsetinib,0.51667577911427,0.516676,2.2088573004008794e-07
Mitoxantrone,Valrubicin,0.515151515151515,0.515152,4.848484850272783e-07
Gilteritinib,Selpercatinib,0.513513513513513,0.513514,4.864864869835728e-07
Abiraterone,Gilteritinib,0.512820512820512,0.512821,4.871794879734992e-07
Dabrafenib,Vinorelbine,0.5125,0.5125,0.0
Epirubicin,Valrubicin,0.511363636363636,0.511364,3.636363640202589e-07
Pralsetinib,Gilteritinib,0.508474576271186,0.508475,4.237288140362949e-07
Selpercatinib,Erdafitinib,0.508108108108108,0.508108,1.0810810802119875e-07
Raloxifene,Tamoxifen,0.507936507936507,0.507937,4.92063492951722e-07
Lenvatinib,Pralsetinib,0.507532956685499,0.507533,4.331450098593592e-08
Encorafenib,Cobimetinib,0.505747126436781,0.505747,1.2643678104495848e-07
Dabrafenib,Cobimetinib,0.505603448275862,0.505603,4.482758619861471e-07
Encorafenib,Dabrafenib,0.504166666666666,0.504167,3.333333340460598e-07
Celecoxib,Talazoparib,0.5,0.5,0.0
Melphalan,Chlorambucil,0.5,0.5,0.0
Thiotepa,Chlorambucil,0.5,0.5,0.0
Thiotepa,Melphalan,0.5,0.5,0.0
Mitoxantrone,Triethylenemelamine,0.5,0.5,0.0
Pemetrexed,Pralatrexate,0.5,0.5,0.0
Thiotepa,Trifluridine,0.5,0.5,0.0
Trifluridine,Triethylenemelamine,0.5,0.5,0.0
Binimetinib,Encorafenib,0.495652173913043,0.495652,1.7391304302227795e-07
Lomustine,Arsenic trioxide,0.494949494949494,0.494949,4.949494940009735e-07
Trametinib,Dabrafenib,0.493181818181818,0.493182,1.8181818201012945e-07
Dasatinib,Erdafitinib,0.49,0.49,0.0
Actinomycin D,Lomustine,0.481481481481481,0.481481,4.814814810183421e-07
Ifosfamide,Lomustine,0.479302832244008,0.479303,1.6775599198659563e-07
Trilaciclib,Palbociclib,0.473443223443223,0.473443,2.2344322297973562e-07
Valrubicin,Etoposide,0.467532467532467,0.467532,4.6753246701891626e-07
Cytarabine,Uracil mustard,0.466666666666666,0.466667,3.3333333399054865e-07
Cisplatin,Carboplatin,0.464285714285714,0.464286,2.857142859524764e-07
Abiraterone,Fruquintinib,0.463192721257237,0.463193,2.7874276303796464e-07
Raloxifene,Crizotinib,0.455882352941176,0.455882,3.5294117600725983e-07
Fludarabine,umbralisib,0.45,0.45,0.0
Trametinib,Encorafenib,0.448484848484848,0.448485,1.5151515203593036e-07
Selpercatinib,Bleomycin,0.447635135135135,0.447635,1.3513513497098728e-07
Binimetinib,Dabrafenib,0.445108695652173,0.445109,3.043478269959543e-07
Carfilzomib,Vinblastine,0.444444444444444,0.444444,4.444444439699602e-07
Thiotepa,Cytarabine,0.444444444444444,0.444444,4.444444439699602e-07
Carmustine,Arsenic trioxide,0.439655172413793,0.439655,1.7241379296484283e-07
Idarubicin,Dexrazoxane,0.439393939393939,0.439394,6.060606100311006e-08
Valrubicin,Uracil mustard,0.436363636363636,0.436364,3.6363636396474774e-07
Idarubicin,Daunorubicin,0.43560606060606,0.435606,6.060606000390933e-08
Raloxifene,Nilotinib,0.428571428571428,0.428571,4.285714280127806e-07
Actinomycin D,Crizotinib,0.426470588235294,0.426471,4.117647059986851e-07
Pralsetinib,Brigatinib,0.425847457627118,0.425847,4.5762711803343237e-07
Actinomycin D,Imatinib,0.425,0.425,0.0
Thiotepa,Idarubicin,0.424242424242424,0.424242,4.242424239686571e-07
Triethylenemelamine,Idarubicin,0.424242424242424,0.424242,4.242424239686571e-07
Irinotecan,Pipobroman,0.424242424242424,0.424242,4.242424239686571e-07
Valrubicin,Triethylenemelamine,0.424242424242424,0.424242,4.242424239686571e-07
Paclitaxel,Carfilzomib,0.422222222222222,0.422222,2.2222222201273567e-07
Paclitaxel,Vinblastine,0.422222222222222,0.422222,2.2222222201273567e-07
Abiraterone,Selpercatinib,0.421344421344421,0.421344,4.213444210199313e-07
Carmustine,Ifosfamide,0.419878296146044,0.419878,2.961460440209507e-07
Dacomitinib,Neratinib,0.416666666666666,0.416667,3.3333333399054865e-07
Avapritinib,Sunitinib,0.416666666666666,0.416667,3.3333333399054865e-07
Mitomycin,Daunorubicin,0.416666666666666,0.416667,3.3333333399054865e-07
Pipobroman,Daunorubicin,0.416666666666666,0.416667,3.3333333399054865e-07
Teniposide,Daunorubicin,0.416666666666666,0.416667,3.3333333399054865e-07
Epirubicin,Mitoxantrone,0.416666666666666,0.416667,3.3333333399054865e-07
Fedratinib,Sunitinib,0.416666666666666,0.416667,3.3333333399054865e-07
Gemcitabine,Trifluridine,0.416666666666666,0.416667,3.3333333399054865e-07
Mitomycin,Pipobroman,0.416666666666666,0.416667,3.3333333399054865e-07
Thiotepa,Mitomycin,0.416666666666666,0.416667,3.3333333399054865e-07
Pipobroman,Pemetrexed,0.416666666666666,0.416667,3.3333333399054865e-07
Pipobroman,Pralatrexate,0.416666666666666,0.416667,3.3333333399054865e-07
Topotecan,Pipobroman,0.416666666666666,0.416667,3.3333333399054865e-07
Thiotepa,Topotecan,0.416666666666666,0.416667,3.3333333399054865e-07
Topotecan,Triethylenemelamine,0.416666666666666,0.416667,3.3333333399054865e-07
Fruquintinib,Selpercatinib,0.414995640802092,0.414996,3.591979079731189e-07
Nitrogen mustard,Dexrazoxane,0.413194444444444,0.413194,4.444444439699602e-07
Lenvatinib,Selpercatinib,0.412912912912912,0.412913,8.708708798543796e-08
Carmustine,Actinomycin D,0.41235632183908,0.412356,3.2183907999749906e-07
Methotrexate,Trifluridine,0.407407407407407,0.407407,4.0740740697708944e-07
Zanubrutinib,Afatinib,0.404040404040404,0.40404,4.0404040396735397e-07
Zanubrutinib,Dacomitinib,0.404040404040404,0.40404,4.0404040396735397e-07
Crizotinib,Tamoxifen,0.40032679738562,0.400327,2.026143799960245e-07
Encorafenib,Venetoclax,0.4,0.4,0.0
Pralsetinib,Bleomycin,0.397245762711864,0.397246,2.372881359735679e-07
Nitrogen mustard,Triethylenemelamine,0.395833333333333,0.395833,3.3333333299134793e-07
Lenvatinib,Fruquintinib,0.39516129032258,0.395161,2.9032258003214295e-07
Uracil mustard,Nitrogen mustard,0.39375,0.39375,0.0
Hydroxyurea,Gemcitabine,0.392857142857142,0.392857,1.4285714200479305e-07
Crizotinib,Nilotinib,0.390756302521008,0.390756,3.0252100802208304e-07
Actinomycin D,Carfilzomib,0.388888888888888,0.388889,1.1111111197781298e-07
Docetaxel,Carfilzomib,0.388888888888888,0.388889,1.1111111197781298e-07
Docetaxel,Vinblastine,0.388888888888888,0.388889,1.1111111197781298e-07
Uracil mustard,Ifosfamide,0.388235294117647,0.388235,2.941176470150353e-07
Tioguanine,Dacarbazine,0.387499999999999,0.3875,9.992007221626409e-16
Raloxifene,Actinomycin D,0.386904761904761,0.386905,2.3809523902462715e-07
Vandetanib,Erlotinib,0.386363636363636,0.386364,3.6363636396474774e-07
Melphalan,Idarubicin,0.386363636363636,0.386364,3.6363636396474774e-07
Irinotecan,Trifluridine,0.386363636363636,0.386364,3.6363636396474774e-07
Zanubrutinib,Neratinib,0.386363636363636,0.386364,3.6363636396474774e-07
Crizotinib,Lomustine,0.383442265795206,0.383442,2.6579520601144324e-07
Imatinib,Tamoxifen,0.383333333333333,0.383333,3.333333330468591e-07
Imatinib,Vorinostat,0.383333333333333,0.383333,3.333333330468591e-07
Hydroxyurea,Cytarabine,0.38095238095238,0.380952,3.809523799747083e-07
Raloxifene,Lomustine,0.379629629629629,0.37963,3.7037037103893056e-07
Pralsetinib,Erlotinib,0.377503852080123,0.377504,1.4791987701379128e-07
Everolimus,Pralsetinib,0.377503852080123,0.377504,1.4791987701379128e-07
Carboplatin,Arsenic trioxide,0.376623376623376,0.376623,3.766233760416071e-07
Gemcitabine,Clofarabine,0.375,0.375,0.0
Melphalan,Daunorubicin,0.375,0.375,0.0
Trifluridine,Daunorubicin,0.375,0.375,0.0
Gemcitabine,Pemetrexed,0.375,0.375,0.0
Gemcitabine,Pralatrexate,0.375,0.375,0.0
Melphalan,Mitomycin,0.375,0.375,0.0
Mitomycin,Trifluridine,0.375,0.375,0.0
Carmustine,Crizotinib,0.373225152129817,0.373225,1.5212981702150685e-07
Sunitinib,Palbociclib,0.371794871794871,0.371795,1.2820512901301484e-07
Carmustine,Raloxifene,0.370689655172413,0.37069,3.448275870399087e-07
Tamoxifen,Lomustine,0.37037037037037,0.37037,3.7037037003972983e-07
Melphalan,Uracil mustard,0.366666666666666,0.366667,3.333333340460598e-07
Tamoxifen,Ixabepilone,0.366161616161616,0.366162,3.8383838396605086e-07
Oxaliplatin,Pipobroman,0.365591397849462,0.365591,3.978494619860662e-07
Ceritinib,Palbociclib,0.365384615384615,0.365385,3.846153850406431e-07
Nitrogen mustard,Daunorubicin,0.364583333333333,0.364583,3.3333333299134793e-07
Zanubrutinib,Erlotinib,0.363636363636363,0.363636,3.63636362965547e-07
Abiraterone,Pralsetinib,0.362016514558887,0.362017,4.854411129739944e-07
Methotrexate,Daunorubicin,0.361111111111111,0.361111,1.1111111097861226e-07
Docetaxel,Lomustine,0.361111111111111,0.361111,1.1111111097861226e-07
Methotrexate,Mitomycin,0.361111111111111,0.361111,1.1111111097861226e-07
Binimetinib,Vemurafenib,0.355731225296442,0.355731,2.252964420024206e-07
Imatinib,Lomustine,0.355555555555555,0.355556,4.444444449691609e-07
Selumetinib,Venetoclax,0.355555555555555,0.355556,4.444444449691609e-07
Everolimus,Selpercatinib,0.353808353808353,0.353808,3.5380835300413693e-07
Carmustine,Imatinib,0.351724137931034,0.351724,1.3793103403880735e-07
Cobimetinib,Venetoclax,0.351724137931034,0.351724,1.3793103403880735e-07
Abemaciclib,Sirolimus,0.35,0.35,0.0
Fedratinib,Belinostat,0.35,0.35,0.0
Belinostat,Pralatrexate,0.35,0.35,0.0
Valrubicin,Daunorubicin,0.348484848484848,0.348485,1.515151519804192e-07
Mitomycin,Idarubicin,0.348484848484848,0.348485,1.515151519804192e-07
Imatinib,Oxaliplatin,0.348387096774193,0.348387,9.677419299247703e-08
Actinomycin D,Tamoxifen,0.347222222222222,0.347222,2.2222222201273567e-07
Zoledronate,Selpercatinib,0.346621621621621,0.346622,3.7837837896237403e-07
Methotrexate,Oxaliplatin,0.34647550776583,0.346476,4.922341699797883e-07
Melphalan,Nitrogen mustard,0.34375,0.34375,0.0
Uracil mustard,Etoposide,0.342857142857142,0.342857,1.4285714200479305e-07
Paclitaxel,Lomustine,0.342592592592592,0.342593,4.0740740797629016e-07
Etoposide,Daunorubicin,0.339285714285714,0.339286,2.857142859524764e-07
Ifosfamide,Chlorambucil,0.338235294117647,0.338235,2.941176470150353e-07
Crizotinib,tepotinib,0.338235294117647,0.338235,2.941176470150353e-07
Dabrafenib,Ixazomib,0.3375,0.3375,0.0
Dabrafenib,Venetoclax,0.3375,0.3375,0.0
Zoledronate,Pralsetinib,0.334745762711864,0.334746,2.372881359735679e-07
Duvelisib,Avapritinib,0.333333333333333,0.333333,3.3333333299134793e-07
Cisplatin,Chlorambucil,0.333333333333333,0.333333,3.3333333299134793e-07
Mitoxantrone,Chlorambucil,0.333333333333333,0.333333,3.3333333299134793e-07
Cisplatin,Melphalan,0.333333333333333,0.333333,3.3333333299134793e-07
Cisplatin,Topotecan,0.333333333333333,0.333333,3.3333333299134793e-07
Thiotepa,Cladribine,0.333333333333333,0.333333,3.3333333299134793e-07
Triethylenemelamine,Cladribine,0.333333333333333,0.333333,3.3333333299134793e-07
Duvelisib,Tucatinib,0.333333333333333,0.333333,3.3333333299134793e-07
Duvelisib,Vandetanib,0.333333333333333,0.333333,3.3333333299134793e-07
Mitoxantrone,Topotecan,0.333333333333333,0.333333,3.3333333299134793e-07
Neratinib,Osimertinib,0.333333333333333,0.333333,3.3333333299134793e-07
Thiotepa,Pipobroman,0.333333333333333,0.333333,3.3333333299134793e-07
Pipobroman,Triethylenemelamine,0.333333333333333,0.333333,3.3333333299134793e-07
Pralatrexate,Trifluridine,0.333333333333333,0.333333,3.3333333299134793e-07
Topotecan,Trifluridine,0.333333333333333,0.333333,3.3333333299134793e-07
Tucatinib,Vandetanib,0.333333333333333,0.333333,3.3333333299134793e-07
Nitrogen mustard,Oxaliplatin,0.331653225806451,0.331653,2.258064510374247e-07
Fruquintinib,Erdafitinib,0.330645161290322,0.330645,1.6129032198719528e-07
Dasatinib,Brigatinib,0.33,0.33,0.0
Vemurafenib,Selumetinib,0.329966329966329,0.329966,3.299663290379229e-07
Palbociclib,Dexrazoxane,0.329059829059829,0.32906,1.709401710181524e-07
Fludarabine,Allopurinol,0.326923076923076,0.326923,7.692307596451897e-08
Ribociclib,Palbociclib,0.326923076923076,0.326923,7.692307596451897e-08
Teniposide,Uracil mustard,0.325,0.325,0.0
Abiraterone,Lenvatinib,0.324786324786324,0.324786,3.247863240019022e-07
Zanubrutinib,Pralsetinib,0.323574730354391,0.323575,2.696456090078847e-07
Celecoxib,Etoposide,0.321428571428571,0.321429,4.285714290119813e-07
Celecoxib,Hydroxyurea,0.321428571428571,0.321429,4.285714290119813e-07
Estramustine,Talazoparib,0.321428571428571,0.321429,4.285714290119813e-07
Talazoparib,Etoposide,0.321428571428571,0.321429,4.285714290119813e-07
Topotecan,Etoposide,0.321428571428571,0.321429,4.285714290119813e-07
Hydroxyurea,Pemetrexed,0.321428571428571,0.321429,4.285714290119813e-07
Hydroxyurea,Pralatrexate,0.321428571428571,0.321429,4.285714290119813e-07
Hydroxyurea,Talazoparib,0.321428571428571,0.321429,4.285714290119813e-07
Irinotecan,Methotrexate,0.319865319865319,0.319865,3.1986531900951576e-07
Vemurafenib,Cobimetinib,0.31974921630094,0.319749,2.1630093999247535e-07
Cisplatin,Arsenic trioxide,0.318181818181818,0.318182,1.8181818201012945e-07
Pemigatinib,Selpercatinib,0.317567567567567,0.317568,4.3243243302848455e-07
Tamoxifen,Nilotinib,0.317460317460317,0.31746,3.174603169786572e-07
Vemurafenib,Dabrafenib,0.317045454545454,0.317045,4.545454539983673e-07
Carmustine,Tamoxifen,0.315134099616858,0.315134,9.961685798476339e-08
Ribociclib,Avapritinib,0.3125,0.3125,0.0
Celecoxib,Teniposide,0.3125,0.3125,0.0
Fedratinib,Ribociclib,0.3125,0.3125,0.0
Talazoparib,Teniposide,0.3125,0.3125,0.0
Teniposide,Topotecan,0.3125,0.3125,0.0
Mercaptopurine,Dacarbazine,0.311111111111111,0.311111,1.1111111097861226e-07
Lenvatinib,Erdafitinib,0.311111111111111,0.311111,1.1111111097861226e-07
Chlorambucil,Etoposide,0.309523809523809,0.309524,1.9047619104206603e-07
Mitoxantrone,Etoposide,0.309523809523809,0.309524,1.9047619104206603e-07
Hydroxyurea,Trifluridine,0.309523809523809,0.309524,1.9047619104206603e-07
Cyclophosphamide,Carboplatin,0.308035714285714,0.308036,2.857142859524764e-07
Hydroxyurea,Cyclophosphamide,0.308035714285714,0.308036,2.857142859524764e-07
Irinotecan,Oxaliplatin,0.307917888563049,0.307918,1.1143695100024331e-07
Valrubicin,Cyclophosphamide,0.306818181818181,0.306818,1.8181818101092873e-07
Irinotecan,Nitrogen mustard,0.306818181818181,0.306818,1.8181818101092873e-07
Tucatinib,Afatinib,0.305555555555555,0.305556,4.444444449691609e-07
Avapritinib,Idelalisib,0.305555555555555,0.305556,4.444444449691609e-07
Cytarabine,Clofarabine,0.305555555555555,0.305556,4.444444449691609e-07
Cytarabine,Pemetrexed,0.305555555555555,0.305556,4.444444449691609e-07
Cytarabine,Pralatrexate,0.305555555555555,0.305556,4.444444449691609e-07
Cytarabine,Topotecan,0.305555555555555,0.305556,4.444444449691609e-07
Dacomitinib,Osimertinib,0.305555555555555,0.305556,4.444444449691609e-07
Sirolimus,Idelalisib,0.305555555555555,0.305556,4.444444449691609e-07
Melphalan,Methotrexate,0.305555555555555,0.305556,4.444444449691609e-07
Selpercatinib,Brigatinib,0.304054054054054,0.304054,5.405405401059937e-08
Cytarabine,Irinotecan,0.303030303030303,0.30303,3.030303029616377e-07
Nitrogen mustard,Palbociclib,0.302884615384615,0.302885,3.846153850406431e-07
Abiraterone,Zoledronate,0.302564102564102,0.302564,1.0256410198916655e-07
Ifosfamide,Etoposide,0.302521008403361,0.302521,8.40336100704775e-09
Erdafitinib,Sirolimus,0.3,0.3,0.0
Paclitaxel,Pemetrexed,0.3,0.3,0.0
Paclitaxel,Pralatrexate,0.3,0.3,0.0
Pemigatinib,Sirolimus,0.3,0.3,0.0
Carfilzomib,Lomustine,0.296296296296296,0.296296,2.962962959984772e-07
Cytarabine,Methotrexate,0.296296296296296,0.296296,2.962962959984772e-07
Vinblastine,Lomustine,0.296296296296296,0.296296,2.962962959984772e-07
Avapritinib,Ixabepilone,0.295454545454545,0.295455,4.5454545499756804e-07
Celecoxib,Valrubicin,0.295454545454545,0.295455,4.5454545499756804e-07
Osimertinib,Erlotinib,0.295454545454545,0.295455,4.5454545499756804e-07
Everolimus,Sirolimus,0.295454545454545,0.295455,4.5454545499756804e-07
Pemetrexed,Idarubicin,0.295454545454545,0.295455,4.5454545499756804e-07
Topotecan,Idarubicin,0.295454545454545,0.295455,4.5454545499756804e-07
Irinotecan,Pralatrexate,0.295454545454545,0.295455,4.5454545499756804e-07
Irinotecan,Topotecan,0.295454545454545,0.295455,4.5454545499756804e-07
Zanubrutinib,Osimertinib,0.295454545454545,0.295455,4.5454545499756804e-07
Talazoparib,Valrubicin,0.295454545454545,0.295455,4.5454545499756804e-07
Topotecan,Valrubicin,0.295454545454545,0.295455,4.5454545499756804e-07
Zanubrutinib,Tucatinib,0.295454545454545,0.295455,4.5454545499756804e-07
Avapritinib,Fluorouracil,0.291666666666666,0.291667,3.3333333399054865e-07
Fedratinib,Ceritinib,0.291666666666666,0.291667,3.3333333399054865e-07
Pralatrexate,Daunorubicin,0.291666666666666,0.291667,3.3333333399054865e-07
Topotecan,Daunorubicin,0.291666666666666,0.291667,3.3333333399054865e-07
Docetaxel,Pemetrexed,0.291666666666666,0.291667,3.3333333399054865e-07
Docetaxel,Pralatrexate,0.291666666666666,0.291667,3.3333333399054865e-07
Fluorouracil,Pemetrexed,0.291666666666666,0.291667,3.3333333399054865e-07
Fluorouracil,Pralatrexate,0.291666666666666,0.291667,3.3333333399054865e-07
Mitomycin,Pemetrexed,0.291666666666666,0.291667,3.3333333399054865e-07
Topotecan,Mitomycin,0.291666666666666,0.291667,3.3333333399054865e-07
Actinomycin D,Vinblastine,0.291666666666666,0.291667,3.3333333399054865e-07
Teniposide,Chlorambucil,0.291666666666666,0.291667,3.3333333399054865e-07
Gemcitabine,Cladribine,0.291666666666666,0.291667,3.3333333399054865e-07
Cytarabine,Mitomycin,0.291666666666666,0.291667,3.3333333399054865e-07
Nitrogen mustard,Fluorouracil,0.291666666666666,0.291667,3.3333333399054865e-07
Gemcitabine,Pipobroman,0.291666666666666,0.291667,3.3333333399054865e-07
Gemcitabine,Triethylenemelamine,0.291666666666666,0.291667,3.3333333399054865e-07
Teniposide,Melphalan,0.291666666666666,0.291667,3.3333333399054865e-07
Mitoxantrone,Teniposide,0.291666666666666,0.291667,3.3333333399054865e-07
Uracil mustard,Idarubicin,0.29090909090909,0.290909,9.090909003361958e-08
Irinotecan,Uracil mustard,0.29090909090909,0.290909,9.090909003361958e-08
Oxaliplatin,Daunorubicin,0.288978494623655,0.288978,4.946236549785432e-07
Pralatrexate,Allopurinol,0.288461538461538,0.288462,4.6153846200436277e-07
Ibrutinib,Osimertinib,0.288461538461538,0.288462,4.6153846200436277e-07
Fruquintinib,Zoledronate,0.287903225806451,0.287903,2.2580645098191354e-07
Gemcitabine,Methotrexate,0.287037037037037,0.287037,3.703703699287075e-08
Paclitaxel,Ixabepilone,0.286363636363636,0.286364,3.636363640202589e-07
Mercaptopurine,Allopurinol,0.284900284900284,0.2849,2.849002840310533e-07
Carmustine,Epirubicin,0.284482758620689,0.284483,2.413793109834472e-07
Actinomycin D,Ifosfamide,0.284313725490196,0.284314,2.745098039991234e-07
Ceritinib,Crizotinib,0.284313725490196,0.284314,2.745098039991234e-07
Ceritinib,Imatinib,0.283333333333333,0.283333,3.3333333299134793e-07
Ibrutinib,Afatinib,0.282051282051282,0.282051,2.8205128199676466e-07
Ibrutinib,Pralsetinib,0.281616688396349,0.281617,3.116036509931419e-07
Bleomycin,Lorlatinib,0.28125,0.28125,0.0
Bleomycin,Sirolimus,0.28125,0.28125,0.0
Celecoxib,Cyclophosphamide,0.28125,0.28125,0.0
Cyclophosphamide,Darolutamide,0.28125,0.28125,0.0
Fulvestrant,Cyclophosphamide,0.28125,0.28125,0.0
Cyclophosphamide,Pemetrexed,0.28125,0.28125,0.0
Cyclophosphamide,Pralatrexate,0.28125,0.28125,0.0
Talazoparib,Cyclophosphamide,0.28125,0.28125,0.0
Teniposide,Cyclophosphamide,0.28125,0.28125,0.0
Fedratinib,Nitrogen mustard,0.28125,0.28125,0.0
Nitrogen mustard,Pemetrexed,0.28125,0.28125,0.0
Topotecan,Nitrogen mustard,0.28125,0.28125,0.0
Tioguanine,Pemetrexed,0.28125,0.28125,0.0
Fedratinib,Crizotinib,0.279411764705882,0.279412,2.352941179672996e-07
Topotecan,Ifosfamide,0.279411764705882,0.279412,2.352941179672996e-07
Tioguanine,Allopurinol,0.278846153846153,0.278846,1.5384615303926097e-07
Avapritinib,Vorinostat,0.277777777777777,0.277778,2.222222230119364e-07
Ceritinib,Dexrazoxane,0.277777777777777,0.277778,2.222222230119364e-07
Ceritinib,Tamoxifen,0.277777777777777,0.277778,2.222222230119364e-07
Cytarabine,Chlorambucil,0.277777777777777,0.277778,2.222222230119364e-07
Mitoxantrone,Cytarabine,0.277777777777777,0.277778,2.222222230119364e-07
Dexrazoxane,Daunorubicin,0.277777777777777,0.277778,2.222222230119364e-07
Fedratinib,Dexrazoxane,0.277777777777777,0.277778,2.222222230119364e-07
Topotecan,Dexrazoxane,0.277777777777777,0.277778,2.222222230119364e-07
Vandetanib,Idelalisib,0.277777777777777,0.277778,2.222222230119364e-07
Tamoxifen,Vorinostat,0.277777777777777,0.277778,2.222222230119364e-07
Nilotinib,Dacarbazine,0.276190476190476,0.27619,4.761904759953417e-07
Crizotinib,Darolutamide,0.275735294117647,0.275735,2.941176470150353e-07
Ribociclib,Crizotinib,0.275735294117647,0.275735,2.941176470150353e-07
Actinomycin D,Paclitaxel,0.275,0.275,0.0
Zoledronate,Avapritinib,0.275,0.275,0.0
Paclitaxel,Mercaptopurine,0.274074074074074,0.274074,7.407407404125266e-08
Avapritinib,Trilaciclib,0.273809523809523,0.27381,4.761904769945424e-07
Celecoxib,Trilaciclib,0.273809523809523,0.27381,4.761904769945424e-07
Fedratinib,Trilaciclib,0.273809523809523,0.27381,4.761904769945424e-07
Talazoparib,Trilaciclib,0.273809523809523,0.27381,4.761904769945424e-07
Vinblastine,Nilotinib,0.273809523809523,0.27381,4.761904769945424e-07
Avapritinib,Arsenic trioxide,0.272727272727272,0.272727,2.727272719882379e-07
Irinotecan,Idarubicin,0.272727272727272,0.272727,2.727272719882379e-07
Trametinib,Vemurafenib,0.272727272727272,0.272727,2.727272719882379e-07
Dasatinib,Lorlatinib,0.27,0.27,0.0
Hydroxyurea,Mercaptopurine,0.269841269841269,0.269841,2.6984126899609606e-07
Avapritinib,Palbociclib,0.269230769230769,0.269231,2.3076923100218139e-07
Pemetrexed,Palbociclib,0.269230769230769,0.269231,2.3076923100218139e-07
Carmustine,Paclitaxel,0.268965517241379,0.268966,4.827586209676937e-07
Methotrexate,Avapritinib,0.268518518518518,0.268519,4.814814820175428e-07
Mercaptopurine,Pemetrexed,0.268518518518518,0.268519,4.814814820175428e-07
Methotrexate,Topotecan,0.268518518518518,0.268519,4.814814820175428e-07
Hydroxyurea,Teniposide,0.267857142857142,0.267857,1.4285714200479305e-07
Imatinib,Asciminib,0.266666666666666,0.266667,3.3333333399054865e-07
Encorafenib,Ixazomib,0.266666666666666,0.266667,3.3333333399054865e-07
Imatinib,Selinexor,0.266666666666666,0.266667,3.3333333399054865e-07
Uracil mustard,Pipobroman,0.266666666666666,0.266667,3.3333333399054865e-07
Thiotepa,Uracil mustard,0.266666666666666,0.266667,3.3333333399054865e-07
Avapritinib,Oxaliplatin,0.266129032258064,0.266129,3.225806399775877e-08
Celecoxib,Oxaliplatin,0.266129032258064,0.266129,3.225806399775877e-08
Fedratinib,Oxaliplatin,0.266129032258064,0.266129,3.225806399775877e-08
Oxaliplatin,Pemetrexed,0.266129032258064,0.266129,3.225806399775877e-08
Topotecan,Oxaliplatin,0.266129032258064,0.266129,3.225806399775877e-08
Carmustine,Carboplatin,0.266009852216748,0.26601,1.4778325202469134e-07
Ibrutinib,Erdafitinib,0.265384615384615,0.265385,3.846153849851319e-07
Paclitaxel,Oxaliplatin,0.264516129032258,0.264516,1.2903225804494767e-07
Lenvatinib,Zoledronate,0.263888888888888,0.263889,1.1111111197781298e-07
Selpercatinib,Sirolimus,0.263513513513513,0.263514,4.864864870390839e-07
Oxaliplatin,Dexrazoxane,0.263440860215053,0.263441,1.3978494700639388e-07
Abiraterone,Avapritinib,0.262820512820512,0.262821,4.871794880290103e-07
Abiraterone,Lorlatinib,0.262820512820512,0.262821,4.871794880290103e-07
Dasatinib,Erlotinib,0.261818181818181,0.261818,1.8181818101092873e-07
Everolimus,Dasatinib,0.261818181818181,0.261818,1.8181818101092873e-07
Zanubrutinib,Dasatinib,0.261818181818181,0.261818,1.8181818101092873e-07
Ceritinib,Ixabepilone,0.261363636363636,0.261364,3.6363636396474774e-07
Fluorouracil,Ixabepilone,0.261363636363636,0.261364,3.6363636396474774e-07
Irinotecan,Mitomycin,0.261363636363636,0.261364,3.6363636396474774e-07
Ifosfamide,Arsenic trioxide,0.260695187165775,0.260695,1.8716577498967268e-07
Raloxifene,Ifosfamide,0.260504201680672,0.260504,2.016806719962183e-07
Cytarabine,Nitrogen mustard,0.260416666666666,0.260417,3.3333333399054865e-07
Methotrexate,Mercaptopurine,0.259259259259259,0.259259,2.592592590056064e-07
Crizotinib,Belinostat,0.258823529411764,0.258824,4.7058823599011035e-07
Pralsetinib,Sirolimus,0.258474576271186,0.258475,4.237288140362949e-07
Chlorambucil,Idarubicin,0.257575757575757,0.257576,2.424242430132395e-07
Irinotecan,Chlorambucil,0.257575757575757,0.257576,2.424242430132395e-07
Valrubicin,Chlorambucil,0.257575757575757,0.257576,2.424242430132395e-07
Neratinib,Erlotinib,0.257575757575757,0.257576,2.424242430132395e-07
Mitoxantrone,Idarubicin,0.257575757575757,0.257576,2.424242430132395e-07
Trifluridine,Idarubicin,0.257575757575757,0.257576,2.424242430132395e-07
Mitoxantrone,Irinotecan,0.257575757575757,0.257576,2.424242430132395e-07
Melphalan,Valrubicin,0.257575757575757,0.257576,2.424242430132395e-07
Raloxifene,Paclitaxel,0.257142857142857,0.257143,1.4285714300399377e-07
Methotrexate,Idarubicin,0.255892255892255,0.255892,2.5589225499667023e-07
Darolutamide,Arsenic trioxide,0.255681818181818,0.255682,1.8181818201012945e-07
Belinostat,Vorinostat,0.255555555555555,0.255556,4.4444444502467206e-07
Carfilzomib,Ifosfamide,0.254901960784313,0.254902,3.9215687031024515e-08
Crizotinib,Vinblastine,0.254901960784313,0.254902,3.9215687031024515e-08
Vorinostat,Nilotinib,0.253968253968253,0.253968,2.539682529834053e-07
Fruquintinib,Dasatinib,0.252903225806451,0.252903,2.258064510374247e-07
Carmustine,Dacarbazine,0.25287356321839,0.252874,4.3678160999149895e-07
Ibrutinib,Erlotinib,0.251748251748251,0.251748,2.517482509678537e-07
Carmustine,Ixabepilone,0.250783699059561,0.250784,3.0094043901307543e-07
Docetaxel,Actinomycin D,0.25,0.25,0.0
Mitomycin,Chlorambucil,0.25,0.25,0.0
Pipobroman,Chlorambucil,0.25,0.25,0.0
Chlorambucil,Triethylenemelamine,0.25,0.25,0.0
Cisplatin,Selinexor,0.25,0.25,0.0
Cisplatin,Thiotepa,0.25,0.25,0.0
Trifluridine,Cladribine,0.25,0.25,0.0
Melphalan,Pipobroman,0.25,0.25,0.0
Melphalan,Triethylenemelamine,0.25,0.25,0.0
Mitoxantrone,Pipobroman,0.25,0.25,0.0
Mitoxantrone,Thiotepa,0.25,0.25,0.0
Methotrexate,Nitrogen mustard,0.248842592592592,0.248843,4.0740740800404573e-07
Methotrexate,Tioguanine,0.248842592592592,0.248843,4.0740740800404573e-07
Belinostat,Trilaciclib,0.247619047619047,0.247619,4.761904698336039e-08
Oxaliplatin,Idarubicin,0.246334310850439,0.246334,3.1085043900036524e-07
Oxaliplatin,Ixabepilone,0.246334310850439,0.246334,3.1085043900036524e-07
Imatinib,Arsenic trioxide,0.245454545454545,0.245455,4.5454545499756804e-07
Trametinib,Venetoclax,0.245454545454545,0.245455,4.5454545499756804e-07
Vemurafenib,Venetoclax,0.245454545454545,0.245455,4.5454545499756804e-07
Erdafitinib,Bleomycin,0.24375,0.24375,0.0
Fluorouracil,Palbociclib,0.243589743589743,0.24359,2.564102569990734e-07
Ibrutinib,Neratinib,0.243589743589743,0.24359,2.564102569990734e-07
Raloxifene,Ixabepilone,0.243506493506493,0.243506,4.93506493004503e-07
Binimetinib,Venetoclax,0.243478260869565,0.243478,2.608695650052617e-07
Methotrexate,Fluorouracil,0.24074074074074,0.240741,2.5925926000480715e-07
Carmustine,Darolutamide,0.239224137931034,0.239224,1.3793103401105178e-07
Carmustine,Ribociclib,0.239224137931034,0.239224,1.3793103401105178e-07
Lenvatinib,Dasatinib,0.238888888888888,0.238889,1.1111111197781298e-07
Belinostat,Palbociclib,0.238461538461538,0.238462,4.6153846200436277e-07
Paclitaxel,Ifosfamide,0.238235294117647,0.238235,2.941176469872797e-07
Selinexor,Carboplatin,0.238095238095238,0.238095,2.3809523799767085e-07
Hydroxyurea,Cladribine,0.238095238095238,0.238095,2.3809523799767085e-07
Pipobroman,Etoposide,0.238095238095238,0.238095,2.3809523799767085e-07
Thiotepa,Etoposide,0.238095238095238,0.238095,2.3809523799767085e-07
Triethylenemelamine,Etoposide,0.238095238095238,0.238095,2.3809523799767085e-07
Hydroxyurea,Pipobroman,0.238095238095238,0.238095,2.3809523799767085e-07
Hydroxyurea,Thiotepa,0.238095238095238,0.238095,2.3809523799767085e-07
Hydroxyurea,Triethylenemelamine,0.238095238095238,0.238095,2.3809523799767085e-07
Imatinib,Mercaptopurine,0.237037037037037,0.237037,3.703703699287075e-08
Imatinib,Methotrexate,0.237037037037037,0.237037,3.703703699287075e-08
Imatinib,Selumetinib,0.237037037037037,0.237037,3.703703699287075e-08
Fruquintinib,Bleomycin,0.236895161290322,0.236895,1.6129032201495086e-07
Carmustine,Docetaxel,0.235632183908045,0.235632,1.8390804498724656e-07
Crizotinib,Ifosfamide,0.235294117647058,0.235294,1.1764705798444908e-07
Carfilzomib,Arsenic trioxide,0.234848484848484,0.234848,4.84848484000322e-07
Vinblastine,Arsenic trioxide,0.234848484848484,0.234848,4.84848484000322e-07
Imatinib,Cobimetinib,0.234482758620689,0.234483,2.413793109834472e-07
Pemigatinib,Pralsetinib,0.233898305084745,0.233898,3.050847449947991e-07
Ibrutinib,Dasatinib,0.233846153846153,0.233846,1.538461530115054e-07
Raloxifene,Arsenic trioxide,0.233766233766233,0.233766,2.3376623300985777e-07
Idarubicin,Etoposide,0.233766233766233,0.233766,2.3376623300985777e-07
Irinotecan,Etoposide,0.233766233766233,0.233766,2.3376623300985777e-07
Hydroxyurea,Irinotecan,0.233766233766233,0.233766,2.3376623300985777e-07
Hydroxyurea,Valrubicin,0.233766233766233,0.233766,2.3376623300985777e-07
tepotinib,Dacarbazine,0.233333333333333,0.233333,3.3333333299134793e-07
Encorafenib,tepotinib,0.233333333333333,0.233333,3.3333333299134793e-07
Lenvatinib,Pemigatinib,0.233333333333333,0.233333,3.3333333299134793e-07
Paclitaxel,Tamoxifen,0.233333333333333,0.233333,3.3333333299134793e-07
Abiraterone,Everolimus,0.233100233100233,0.2331,2.3310023300471272e-07
Belinostat,Oxaliplatin,0.232258064516129,0.232258,6.451612899471826e-08
umbralisib,Oxaliplatin,0.232258064516129,0.232258,6.451612899471826e-08
Actinomycin D,Nilotinib,0.232142857142857,0.232143,1.428571429762382e-07
Methotrexate,Vorinostat,0.231481481481481,0.231481,4.814814810183421e-07
Docetaxel,Oxaliplatin,0.231182795698924,0.231183,2.0430107600111214e-07
Oxaliplatin,Fluorouracil,0.231182795698924,0.231183,2.0430107600111214e-07
Everolimus,Bleomycin,0.230113636363636,0.230114,3.636363640202589e-07
Irinotecan,Tioguanine,0.230113636363636,0.230114,3.636363640202589e-07
Valrubicin,Nitrogen mustard,0.230113636363636,0.230114,3.636363640202589e-07
Nitrogen mustard,Chlorambucil,0.229166666666666,0.229167,3.3333333401830423e-07
Mitoxantrone,Nitrogen mustard,0.229166666666666,0.229167,3.3333333401830423e-07
Nitrogen mustard,Trifluridine,0.229166666666666,0.229167,3.3333333401830423e-07
Teniposide,Pipobroman,0.229166666666666,0.229167,3.3333333401830423e-07
Ribociclib,Sunitinib,0.229166666666666,0.229167,3.3333333401830423e-07
Teniposide,Thiotepa,0.229166666666666,0.229167,3.3333333401830423e-07
Teniposide,Triethylenemelamine,0.229166666666666,0.229167,3.3333333401830423e-07
Tioguanine,Trifluridine,0.229166666666666,0.229167,3.3333333401830423e-07
Crizotinib,Vorinostat,0.22875816993464,0.228758,1.6993463999859237e-07
Tamoxifen,Ifosfamide,0.22875816993464,0.228758,1.6993463999859237e-07
Crizotinib,Oxaliplatin,0.227703984819734,0.227704,1.5180265988679054e-08
Oxaliplatin,Ifosfamide,0.227703984819734,0.227704,1.5180265988679054e-08
Hydroxyurea,Daunorubicin,0.226190476190476,0.22619,4.761904759953417e-07
Mitomycin,Etoposide,0.226190476190476,0.22619,4.761904759953417e-07
Hydroxyurea,Fluorouracil,0.226190476190476,0.22619,4.761904759953417e-07
Mitoxantrone,Ifosfamide,0.225490196078431,0.22549,1.9607843099178623e-07
Zoledronate,Bleomycin,0.225,0.225,0.0
Epirubicin,Uracil mustard,0.225,0.225,0.0
Zoledronate,Dasatinib,0.224999999999999,0.225,9.992007221626409e-16
Irinotecan,Ifosfamide,0.224598930481283,0.224599,6.951871700522361e-08
Cytarabine,Cladribine,0.222222222222222,0.222222,2.222222219849801e-07
Tamoxifen,tepotinib,0.222222222222222,0.222222,2.222222219849801e-07
Abiraterone,Bleomycin,0.220352564102564,0.220353,4.358974359797152e-07
Raloxifene,Palbociclib,0.219780219780219,0.21978,2.1978021899626832e-07
Irinotecan,Dexrazoxane,0.219696969696969,0.219697,3.030303100115539e-08
Vorinostat,Ixabepilone,0.219696969696969,0.219697,3.030303100115539e-08
Tamoxifen,Oxaliplatin,0.219534050179211,0.219534,5.017921098082745e-08
Nitrogen mustard,Mitomycin,0.218749999999999,0.21875,9.992007221626409e-16
Carmustine,Carfilzomib,0.218390804597701,0.218391,1.9540229900805173e-07
Carmustine,Vinblastine,0.218390804597701,0.218391,1.9540229900805173e-07
Nilotinib,Lomustine,0.216931216931216,0.216931,2.1693121599053455e-07
Mercaptopurine,Nilotinib,0.216931216931216,0.216931,2.1693121599053455e-07
Paclitaxel,Pipobroman,0.216666666666666,0.216667,3.3333333399054865e-07
Brigatinib,Erlotinib,0.21590909090909,0.215909,9.0909090005864e-08
Everolimus,Brigatinib,0.21590909090909,0.215909,9.0909090005864e-08
Teniposide,Irinotecan,0.21590909090909,0.215909,9.0909090005864e-08
Nilotinib,Carboplatin,0.214285714285714,0.214286,2.8571428600798754e-07
Docetaxel,Ifosfamide,0.213235294117647,0.213235,2.941176469872797e-07
Oxaliplatin,Palbociclib,0.212158808933002,0.212159,1.9106699797322158e-07
Asciminib,Ixabepilone,0.212121212121212,0.212121,2.1212121198432854e-07
Pipobroman,Idarubicin,0.212121212121212,0.212121,2.1212121198432854e-07
Thiotepa,Irinotecan,0.212121212121212,0.212121,2.1212121198432854e-07
Irinotecan,Triethylenemelamine,0.212121212121212,0.212121,2.1212121198432854e-07
Sunitinib,Ixabepilone,0.212121212121212,0.212121,2.1212121198432854e-07
Valrubicin,Pipobroman,0.212121212121212,0.212121,2.1212121198432854e-07
Thiotepa,Valrubicin,0.212121212121212,0.212121,2.1212121198432854e-07
Vemurafenib,tepotinib,0.212121212121212,0.212121,2.1212121198432854e-07
Carmustine,Nilotinib,0.211822660098522,0.211823,3.399014780192111e-07
Crizotinib,Arsenic trioxide,0.20855614973262,0.208556,1.4973261999728926e-07
Fluorouracil,Vorinostat,0.208333333333333,0.208333,3.333333330191035e-07
Actinomycin D,Asciminib,0.208333333333333,0.208333,3.333333330191035e-07
Actinomycin D,Selinexor,0.208333333333333,0.208333,3.333333330191035e-07
Ceritinib,Asciminib,0.208333333333333,0.208333,3.333333330191035e-07
Epirubicin,Chlorambucil,0.208333333333333,0.208333,3.333333330191035e-07
Gemcitabine,Chlorambucil,0.208333333333333,0.208333,3.333333330191035e-07
Cisplatin,Gemcitabine,0.208333333333333,0.208333,3.333333330191035e-07
Thiotepa,Daunorubicin,0.208333333333333,0.208333,3.333333330191035e-07
Triethylenemelamine,Daunorubicin,0.208333333333333,0.208333,3.333333330191035e-07
Docetaxel,Pipobroman,0.208333333333333,0.208333,3.333333330191035e-07
Fluorouracil,Pipobroman,0.208333333333333,0.208333,3.333333330191035e-07
Sunitinib,Fluorouracil,0.208333333333333,0.208333,3.333333330191035e-07
Gemcitabine,Melphalan,0.208333333333333,0.208333,3.333333330191035e-07
Teniposide,Mitomycin,0.208333333333333,0.208333,3.333333330191035e-07
Mitomycin,Triethylenemelamine,0.208333333333333,0.208333,3.333333330191035e-07
Ibrutinib,Selpercatinib,0.207900207900207,0.2079,2.079002069943492e-07
Oxaliplatin,Lomustine,0.207885304659498,0.207885,3.046594980182782e-07
Oxaliplatin,Mercaptopurine,0.207885304659498,0.207885,3.046594980182782e-07
Raloxifene,Oxaliplatin,0.2073732718894,0.207373,2.7188939999422956e-07
Paclitaxel,Methotrexate,0.205555555555555,0.205556,4.444444449969165e-07
Hydroxyurea,Nitrogen mustard,0.205357142857142,0.205357,1.4285714197703747e-07
Hydroxyurea,Tioguanine,0.205357142857142,0.205357,1.4285714197703747e-07
Asciminib,Allopurinol,0.205128205128205,0.205128,2.051282050052894e-07
Dasatinib,Bleomycin,0.205,0.205,0.0
Melphalan,Mercaptopurine,0.203703703703703,0.203704,2.962962969976779e-07
Mercaptopurine,Trifluridine,0.203703703703703,0.203704,2.962962969976779e-07
Selumetinib,tepotinib,0.203703703703703,0.203704,2.962962969976779e-07
Asciminib,Nilotinib,0.202380952380952,0.202381,4.761904801031669e-08
Raloxifene,Asciminib,0.202380952380952,0.202381,4.761904801031669e-08
Selinexor,Nilotinib,0.202380952380952,0.202381,4.761904801031669e-08
Raloxifene,Selinexor,0.202380952380952,0.202381,4.761904801031669e-08
Afatinib,Erlotinib,0.202020202020202,0.20202,2.0202020198367698e-07
Cytarabine,Idarubicin,0.202020202020202,0.20202,2.0202020198367698e-07
Cytarabine,Valrubicin,0.202020202020202,0.20202,2.0202020198367698e-07
Dacomitinib,Erlotinib,0.202020202020202,0.20202,2.0202020198367698e-07
Dabrafenib,Vorinostat,0.201388888888888,0.201389,1.1111111200556856e-07
Carmustine,Mitoxantrone,0.201149425287356,0.201149,4.2528735599844936e-07
Carmustine,tepotinib,0.201149425287356,0.201149,4.2528735599844936e-07
Cobimetinib,tepotinib,0.201149425287356,0.201149,4.2528735599844936e-07
Carmustine,Oxaliplatin,0.200222469410456,0.200222,4.694104559777035e-07
Pemigatinib,Erdafitinib,0.2,0.2,0.0
Imatinib,umbralisib,0.2,0.2,0.0
Venetoclax,Ixazomib,0.2,0.2,0.0
Encorafenib,Sunitinib,0.199999999999999,0.2,9.992007221626409e-16
Nitrogen mustard,Mercaptopurine,0.199074074074074,0.199074,7.40740739857415e-08
Fruquintinib,Vandetanib,0.198924731182795,0.198925,2.688172049958304e-07
Melphalan,Oxaliplatin,0.198924731182795,0.198925,2.688172049958304e-07
Oxaliplatin,Trifluridine,0.198924731182795,0.198925,2.688172049958304e-07
Lenvatinib,Ibrutinib,0.198717948717948,0.198718,5.1282051993783995e-08
Pemigatinib,Fruquintinib,0.198387096774193,0.198387,9.677419299247703e-08
Cyclophosphamide,Pipobroman,0.197916666666666,0.197917,3.3333333401830423e-07
Nitrogen mustard,Pipobroman,0.197916666666666,0.197917,3.3333333401830423e-07
Thiotepa,Nitrogen mustard,0.197916666666666,0.197917,3.3333333401830423e-07
Tioguanine,Pipobroman,0.197916666666666,0.197917,3.3333333401830423e-07
Abiraterone,Dasatinib,0.196923076923076,0.196923,7.692307602003012e-08
Epirubicin,Carboplatin,0.196428571428571,0.196429,4.2857142898422573e-07
Raloxifene,Darolutamide,0.196428571428571,0.196429,4.2857142898422573e-07
Epirubicin,Etoposide,0.196428571428571,0.196429,4.2857142898422573e-07
Crizotinib,Asciminib,0.196078431372549,0.196078,4.313725489868414e-07
Crizotinib,Selinexor,0.196078431372549,0.196078,4.313725489868414e-07
Pipobroman,Ifosfamide,0.196078431372549,0.196078,4.313725489868414e-07
Selinexor,Ifosfamide,0.196078431372549,0.196078,4.313725489868414e-07
Thiotepa,Ifosfamide,0.196078431372549,0.196078,4.313725489868414e-07
Ifosfamide,Triethylenemelamine,0.196078431372549,0.196078,4.313725489868414e-07
Asciminib,Tamoxifen,0.194444444444444,0.194444,4.4444444399771577e-07
Asciminib,Vorinostat,0.194444444444444,0.194444,4.4444444399771577e-07
Cytarabine,Daunorubicin,0.194444444444444,0.194444,4.4444444399771577e-07
Pipobroman,Dexrazoxane,0.194444444444444,0.194444,4.4444444399771577e-07
Thiotepa,Dexrazoxane,0.194444444444444,0.194444,4.4444444399771577e-07
Triethylenemelamine,Dexrazoxane,0.194444444444444,0.194444,4.4444444399771577e-07
Sunitinib,Vorinostat,0.194444444444444,0.194444,4.4444444399771577e-07
Carmustine,Tioguanine,0.193965517241379,0.193966,4.827586209954493e-07
Actinomycin D,Arsenic trioxide,0.193181818181818,0.193182,1.8181818198237387e-07
Docetaxel,Arsenic trioxide,0.193181818181818,0.193182,1.8181818198237387e-07
Dabrafenib,Nilotinib,0.192857142857142,0.192857,1.4285714200479305e-07
Irinotecan,Lomustine,0.191919191919191,0.191919,1.919191909838247e-07
Irinotecan,Mercaptopurine,0.191919191919191,0.191919,1.919191909838247e-07
Lomustine,Ixabepilone,0.191919191919191,0.191919,1.919191909838247e-07
Mercaptopurine,Ixabepilone,0.191919191919191,0.191919,1.919191909838247e-07
Methotrexate,Ixabepilone,0.191919191919191,0.191919,1.919191909838247e-07
Crizotinib,Selumetinib,0.191721132897603,0.191721,1.3289760300572162e-07
Dabrafenib,tepotinib,0.191666666666666,0.191667,3.3333333399054865e-07
Erdafitinib,Erlotinib,0.19090909090909,0.190909,9.0909090005864e-08
Everolimus,Erdafitinib,0.19090909090909,0.190909,9.0909090005864e-08
Zanubrutinib,Erdafitinib,0.19090909090909,0.190909,9.0909090005864e-08
Pemigatinib,Everolimus,0.19090909090909,0.190909,9.0909090005864e-08
Raloxifene,Vorinostat,0.19047619047619,0.190476,1.9047618998735416e-07
Sunitinib,Trilaciclib,0.19047619047619,0.190476,1.9047618998735416e-07
Tioguanine,Oxaliplatin,0.189516129032258,0.189516,1.290322580171921e-07
Selinexor,Arsenic trioxide,0.189393939393939,0.189394,6.060606100311006e-08
Trametinib,Sunitinib,0.189393939393939,0.189394,6.060606100311006e-08
Binimetinib,Sunitinib,0.188405797101449,0.188406,2.0289855098831744e-07
Crizotinib,Dacarbazine,0.188235294117647,0.188235,2.941176469872797e-07
Carmustine,Irinotecan,0.18808777429467,0.188088,2.2570533000920712e-07
Bleomycin,Brigatinib,0.1875,0.1875,0.0
Sotorasib,Brigatinib,0.1875,0.1875,0.0
Epirubicin,Teniposide,0.1875,0.1875,0.0
Teniposide,Nitrogen mustard,0.1875,0.1875,0.0
Crizotinib,Cobimetinib,0.186612576064908,0.186613,4.2393509200322477e-07
Asciminib,Lomustine,0.185185185185185,0.185185,1.8518518501986492e-07
Asciminib,Mercaptopurine,0.185185185185185,0.185185,1.8518518501986492e-07
Selinexor,Lomustine,0.185185185185185,0.185185,1.8518518501986492e-07
Mercaptopurine,Pipobroman,0.185185185185185,0.185185,1.8518518501986492e-07
Mercaptopurine,Vorinostat,0.185185185185185,0.185185,1.8518518501986492e-07
Methotrexate,Sunitinib,0.185185185185185,0.185185,1.8518518501986492e-07
Methotrexate,Tamoxifen,0.185185185185185,0.185185,1.8518518501986492e-07
Thiotepa,Methotrexate,0.185185185185185,0.185185,1.8518518501986492e-07
Methotrexate,Triethylenemelamine,0.185185185185185,0.185185,1.8518518501986492e-07
Sunitinib,Selumetinib,0.185185185185185,0.185185,1.8518518501986492e-07
Valrubicin,Oxaliplatin,0.184750733137829,0.184751,2.668621710000263e-07
Carmustine,Asciminib,0.183908045977011,0.183908,4.597701100395035e-08
Carmustine,Selinexor,0.183908045977011,0.183908,4.597701100395035e-08
Carmustine,Sunitinib,0.183908045977011,0.183908,4.597701100395035e-08
Sunitinib,Cobimetinib,0.183908045977011,0.183908,4.597701100395035e-08
Teniposide,Ifosfamide,0.183823529411764,0.183824,4.7058823599011035e-07
Pralsetinib,Vandetanib,0.183615819209039,0.183616,1.8079096100742653e-07
Cisplatin,Imatinib,0.183333333333333,0.183333,3.3333333299134793e-07
Cisplatin,Uracil mustard,0.183333333333333,0.183333,3.3333333299134793e-07
Imatinib,tepotinib,0.183333333333333,0.183333,3.3333333299134793e-07
tepotinib,Ixazomib,0.183333333333333,0.183333,3.3333333299134793e-07
Uracil mustard,Trifluridine,0.183333333333333,0.183333,3.3333333299134793e-07
tepotinib,Venetoclax,0.183333333333333,0.183333,3.3333333299134793e-07
Asciminib,Oxaliplatin,0.182795698924731,0.182796,3.0107526899358916e-07
Sunitinib,Oxaliplatin,0.182795698924731,0.182796,3.0107526899358916e-07
Thiotepa,Oxaliplatin,0.182795698924731,0.182796,3.0107526899358916e-07
Oxaliplatin,Triethylenemelamine,0.182795698924731,0.182796,3.0107526899358916e-07
Raloxifene,Vinblastine,0.182539682539682,0.18254,3.1746031800561347e-07
Everolimus,Erlotinib,0.181818181818181,0.181818,1.8181818098317315e-07
Valrubicin,Idarubicin,0.181818181818181,0.181818,1.8181818098317315e-07
Irinotecan,Valrubicin,0.181818181818181,0.181818,1.8181818098317315e-07
Actinomycin D,Mercaptopurine,0.180555555555555,0.180556,4.444444449969165e-07
Ceritinib,Mercaptopurine,0.180555555555555,0.180556,4.444444449969165e-07
Epirubicin,Cytarabine,0.180555555555555,0.180556,4.444444449969165e-07
Dacomitinib,Sonidegib,0.180555555555555,0.180556,4.444444449969165e-07
Ribociclib,Dexrazoxane,0.180555555555555,0.180556,4.444444449969165e-07
Carboplatin,Lomustine,0.179894179894179,0.179894,1.798941789976638e-07
Hydroxyurea,Methotrexate,0.179894179894179,0.179894,1.798941789976638e-07
Dabrafenib,Cladribine,0.179166666666666,0.179167,3.3333333399054865e-07
Sunitinib,Dabrafenib,0.179166666666666,0.179167,3.3333333399054865e-07
Carmustine,Mercaptopurine,0.178799489144316,0.178799,4.891443159960041e-07
Vinblastine,Dacarbazine,0.177777777777777,0.177778,2.2222222298418082e-07
Lenvatinib,Bleomycin,0.177083333333333,0.177083,3.333333330191035e-07
Selpercatinib,Erlotinib,0.176904176904176,0.176904,1.769041760024681e-07
Zanubrutinib,Selpercatinib,0.176904176904176,0.176904,1.769041760024681e-07
Oxaliplatin,Vorinostat,0.175627240143369,0.175627,2.4014336899580435e-07
Nilotinib,Arsenic trioxide,0.175324675324675,0.175325,3.246753250141232e-07
Estramustine,Fruquintinib,0.175115207373271,0.175115,2.073732709995113e-07
Oxaliplatin,Etoposide,0.175115207373271,0.175115,2.073732709995113e-07
Hydroxyurea,Oxaliplatin,0.175115207373271,0.175115,2.073732709995113e-07
Gemcitabine,Paclitaxel,0.175,0.175,0.0
Abiraterone,Zanubrutinib,0.174825174825174,0.174825,1.74825174004134e-07
Actinomycin D,Ixabepilone,0.174242424242424,0.174242,4.2424242399641265e-07
Docetaxel,Irinotecan,0.174242424242424,0.174242,4.2424242399641265e-07
Docetaxel,Ixabepilone,0.174242424242424,0.174242,4.2424242399641265e-07
Fluorouracil,Idarubicin,0.174242424242424,0.174242,4.2424242399641265e-07
Valrubicin,Mitomycin,0.174242424242424,0.174242,4.2424242399641265e-07
Bleomycin,Idelalisib,0.173611111111111,0.173611,1.1111111100636784e-07
Cytarabine,Tioguanine,0.173611111111111,0.173611,1.1111111100636784e-07
Actinomycin D,Oxaliplatin,0.173387096774193,0.173387,9.677419299247703e-08
Ceritinib,Oxaliplatin,0.173387096774193,0.173387,9.677419299247703e-08
Teniposide,Trilaciclib,0.172619047619047,0.172619,4.761904701111597e-08
Crizotinib,Dexrazoxane,0.17156862745098,0.171569,3.7254901999461687e-07
Imatinib,Carboplatin,0.171428571428571,0.171429,4.2857142898422573e-07
Hydroxyurea,Uracil mustard,0.171428571428571,0.171429,4.2857142898422573e-07
Sotorasib,Erlotinib,0.170454545454545,0.170455,4.5454545499756804e-07
Gemcitabine,Idarubicin,0.170454545454545,0.170455,4.5454545499756804e-07
Gemcitabine,Irinotecan,0.170454545454545,0.170455,4.5454545499756804e-07
Crizotinib,Carfilzomib,0.169934640522875,0.169935,3.594771250114981e-07
Cytarabine,Ifosfamide,0.169934640522875,0.169935,3.594771250114981e-07
Vinblastine,Ifosfamide,0.169934640522875,0.169935,3.594771250114981e-07
Crizotinib,Dabrafenib,0.167647058823529,0.167647,5.8823529019980114e-08
Actinomycin D,Daunorubicin,0.166666666666666,0.166667,3.3333333401830423e-07
Carfilzomib,Dexrazoxane,0.166666666666666,0.166667,3.3333333401830423e-07
Ceritinib,Fluorouracil,0.166666666666666,0.166667,3.3333333401830423e-07
Chlorambucil,Trifluridine,0.166666666666666,0.166667,3.3333333401830423e-07
Gemcitabine,Daunorubicin,0.166666666666666,0.166667,3.3333333401830423e-07
Docetaxel,Gemcitabine,0.166666666666666,0.166667,3.3333333401830423e-07
Epirubicin,Mitomycin,0.166666666666666,0.166667,3.3333333401830423e-07
Gemcitabine,Fluorouracil,0.166666666666666,0.166667,3.3333333401830423e-07
Gemcitabine,Mitomycin,0.166666666666666,0.166667,3.3333333401830423e-07
Mitoxantrone,Melphalan,0.166666666666666,0.166667,3.3333333401830423e-07
Melphalan,Trifluridine,0.166666666666666,0.166667,3.3333333401830423e-07
Mitoxantrone,Trifluridine,0.166666666666666,0.166667,3.3333333401830423e-07
Vinblastine,Tamoxifen,0.166666666666666,0.166667,3.3333333401830423e-07
Ibrutinib,Sonidegib,0.163461538461538,0.163462,4.6153846200436277e-07
Methotrexate,Nilotinib,0.162698412698412,0.162698,4.1269841200008983e-07
Raloxifene,Methotrexate,0.162698412698412,0.162698,4.1269841200008983e-07
Ribociclib,Belinostat,0.1625,0.1625,0.0
Ceritinib,Dabrafenib,0.1625,0.1625,0.0
Paclitaxel,Cyclophosphamide,0.1625,0.1625,0.0
Darolutamide,Venetoclax,0.1625,0.1625,0.0
Paclitaxel,Tioguanine,0.1625,0.1625,0.0
Nilotinib,Ixabepilone,0.162337662337662,0.162338,3.376623380069166e-07
Darolutamide,Lomustine,0.162037037037037,0.162037,3.703703702062633e-08
Teniposide,Methotrexate,0.162037037037037,0.162037,3.703703702062633e-08
Crizotinib,Trilaciclib,0.159663865546218,0.159664,1.3445378199694602e-07
Paclitaxel,Crizotinib,0.158823529411764,0.158824,4.7058823599011035e-07
Ribociclib,Oxaliplatin,0.157258064516129,0.157258,6.451612899471826e-08
Teniposide,Oxaliplatin,0.157258064516129,0.157258,6.451612899471826e-08
Epirubicin,Bleomycin,0.15625,0.15625,0.0
Epirubicin,Cyclophosphamide,0.15625,0.15625,0.0
Gemcitabine,Cyclophosphamide,0.15625,0.15625,0.0
Fludarabine,Tioguanine,0.15625,0.15625,0.0
Gemcitabine,Tioguanine,0.15625,0.15625,0.0
Abemaciclib,Idelalisib,0.155555555555555,0.155556,4.444444449969165e-07
Lomustine,Dacarbazine,0.155555555555555,0.155556,4.444444449969165e-07
Methotrexate,Dacarbazine,0.155555555555555,0.155556,4.444444449969165e-07
Imatinib,Vinblastine,0.155555555555555,0.155556,4.444444449969165e-07
Mitoxantrone,Carboplatin,0.154761904761904,0.154762,9.523809602063338e-08
Ceritinib,Nilotinib,0.154761904761904,0.154762,9.523809602063338e-08
Raloxifene,Ceritinib,0.154761904761904,0.154762,9.523809602063338e-08
Hydroxyurea,Chlorambucil,0.154761904761904,0.154762,9.523809602063338e-08
Trilaciclib,Dexrazoxane,0.154761904761904,0.154762,9.523809602063338e-08
Docetaxel,Raloxifene,0.154761904761904,0.154762,9.523809602063338e-08
Melphalan,Etoposide,0.154761904761904,0.154762,9.523809602063338e-08
Trifluridine,Etoposide,0.154761904761904,0.154762,9.523809602063338e-08
Hydroxyurea,Melphalan,0.154761904761904,0.154762,9.523809602063338e-08
Epirubicin,Ifosfamide,0.154411764705882,0.154412,2.3529411799505517e-07
Bleomycin,Erlotinib,0.15340909090909,0.153409,9.0909090005864e-08
Dacomitinib,Dasatinib,0.151111111111111,0.151111,1.1111111100636784e-07
Methotrexate,Palbociclib,0.150997150997151,0.150997,1.5099715100497235e-07
Pemigatinib,Abemaciclib,0.15,0.15,0.0
Zoledronate,Erdafitinib,0.15,0.15,0.0
Imatinib,Paclitaxel,0.15,0.15,0.0
Pemigatinib,Zoledronate,0.15,0.15,0.0
Crizotinib,Ixabepilone,0.149732620320855,0.149733,3.796791450128012e-07
Valrubicin,Ifosfamide,0.149732620320855,0.149733,3.796791450128012e-07
Tioguanine,Lomustine,0.149305555555555,0.149306,4.444444449969165e-07
Cytarabine,Mercaptopurine,0.148148148148148,0.148148,1.481481479992386e-07
Mercaptopurine,Lomustine,0.148148148148148,0.148148,1.481481479992386e-07
Methotrexate,Lomustine,0.148148148148148,0.148148,1.481481479992386e-07
Vinblastine,Mercaptopurine,0.148148148148148,0.148148,1.481481479992386e-07
Methotrexate,Vinblastine,0.148148148148148,0.148148,1.481481479992386e-07
Sotorasib,Arsenic trioxide,0.147727272727272,0.147727,2.7272727201599345e-07
Lenvatinib,Everolimus,0.146464646464646,0.146465,3.5353535401960734e-07
Lenvatinib,Zanubrutinib,0.146464646464646,0.146465,3.5353535401960734e-07
Crizotinib,Palbociclib,0.145927601809954,0.145928,3.9819004599150887e-07
Ceritinib,Nitrogen mustard,0.145833333333333,0.145833,3.333333330191035e-07
Cyclophosphamide,Daunorubicin,0.145833333333333,0.145833,3.333333330191035e-07
Docetaxel,Cyclophosphamide,0.145833333333333,0.145833,3.333333330191035e-07
Ribociclib,tepotinib,0.145833333333333,0.145833,3.333333330191035e-07
Teniposide,Trifluridine,0.145833333333333,0.145833,3.333333330191035e-07
Carmustine,Cyclophosphamide,0.145474137931034,0.145474,1.3793103401105178e-07
Everolimus,Abemaciclib,0.145454545454545,0.145455,4.5454545499756804e-07
Paclitaxel,Arsenic trioxide,0.145454545454545,0.145455,4.5454545499756804e-07
umbralisib,Idarubicin,0.145454545454545,0.145455,4.5454545499756804e-07
Imatinib,Ixabepilone,0.145454545454545,0.145455,4.5454545499756804e-07
Crizotinib,Mercaptopurine,0.143790849673202,0.143791,1.5032679800963678e-07
Allopurinol,Dacarbazine,0.143589743589743,0.14359,2.564102569990734e-07
Fludarabine,Mercaptopurine,0.143518518518518,0.143519,4.814814820175428e-07
Fludarabine,Methotrexate,0.143518518518518,0.143519,4.814814820175428e-07
Gemcitabine,Mercaptopurine,0.143518518518518,0.143519,4.814814820175428e-07
Sotorasib,Lomustine,0.143518518518518,0.143519,4.814814820175428e-07
Methotrexate,Sotorasib,0.143518518518518,0.143519,4.814814820175428e-07
Carfilzomib,Oxaliplatin,0.14336917562724,0.143369,1.756272400010861e-07
Cytarabine,Oxaliplatin,0.14336917562724,0.143369,1.756272400010861e-07
Carmustine,Methotrexate,0.143039591315453,0.14304,4.086845470097078e-07
Hydroxyurea,Etoposide,0.142857142857142,0.142857,1.4285714197703747e-07
Ifosfamide,Daunorubicin,0.142156862745098,0.142157,1.372549019995617e-07
Ceritinib,Belinostat,0.141666666666666,0.141667,3.3333333399054865e-07
Uracil mustard,Daunorubicin,0.141666666666666,0.141667,3.3333333399054865e-07
umbralisib,Fluorouracil,0.141666666666666,0.141667,3.3333333399054865e-07
Uracil mustard,Mitomycin,0.141666666666666,0.141667,3.3333333399054865e-07
Gemcitabine,Oxaliplatin,0.141129032258064,0.141129,3.225806399775877e-08
Sotorasib,Oxaliplatin,0.141129032258064,0.141129,3.225806399775877e-08
Vorinostat,Palbociclib,0.141025641025641,0.141026,3.589743590159955e-07
Zoledronate,Everolimus,0.14090909090909,0.140909,9.0909090005864e-08
Pemigatinib,Dasatinib,0.14,0.14,0.0
Actinomycin D,Vorinostat,0.138888888888888,0.138889,1.1111111200556856e-07
Ceritinib,Vorinostat,0.138888888888888,0.138889,1.1111111200556856e-07
Cytarabine,Melphalan,0.138888888888888,0.138889,1.1111111200556856e-07
Duvelisib,Dacomitinib,0.138888888888888,0.138889,1.1111111200556856e-07
Dacomitinib,Vandetanib,0.138888888888888,0.138889,1.1111111200556856e-07
Fluorouracil,Dexrazoxane,0.138888888888888,0.138889,1.1111111200556856e-07
Docetaxel,Tamoxifen,0.138888888888888,0.138889,1.1111111200556856e-07
Vorinostat,Lomustine,0.138888888888888,0.138889,1.1111111200556856e-07
Tamoxifen,Selumetinib,0.138888888888888,0.138889,1.1111111200556856e-07
Vinblastine,tepotinib,0.138888888888888,0.138889,1.1111111200556856e-07
Valrubicin,Trilaciclib,0.138528138528138,0.138528,1.3852813798842512e-07
Epirubicin,Selpercatinib,0.138513513513513,0.138514,4.864864870113284e-07
Belinostat,Allopurinol,0.138461538461538,0.138462,4.6153846200436277e-07
umbralisib,Allopurinol,0.138461538461538,0.138462,4.6153846200436277e-07
Dacomitinib,Selpercatinib,0.138138138138138,0.138138,1.3813813798391195e-07
Abiraterone,Sotorasib,0.137820512820512,0.137821,4.871794880012548e-07
Abiraterone,Idelalisib,0.136752136752136,0.136752,1.3675213597630353e-07
Raloxifene,Venetoclax,0.135714285714285,0.135714,2.857142850087868e-07
Carmustine,Vorinostat,0.135057471264367,0.135057,4.712643670023997e-07
Tamoxifen,Cobimetinib,0.135057471264367,0.135057,4.712643670023997e-07
Darolutamide,Carboplatin,0.133928571428571,0.133929,4.2857142898422573e-07
Tioguanine,Nilotinib,0.133928571428571,0.133929,4.2857142898422573e-07
Epirubicin,Pralsetinib,0.133474576271186,0.133475,4.2372881400853935e-07
Pralsetinib,Sotorasib,0.133474576271186,0.133475,4.2372881400853935e-07
Imatinib,Dacarbazine,0.133333333333333,0.133333,3.3333333299134793e-07
Paclitaxel,Trifluridine,0.133333333333333,0.133333,3.3333333299134793e-07
Belinostat,Nitrogen mustard,0.13125,0.13125,0.0
Belinostat,Tioguanine,0.13125,0.13125,0.0
Uracil mustard,Bleomycin,0.13125,0.13125,0.0
Cyclophosphamide,Venetoclax,0.13125,0.13125,0.0
Imatinib,Tioguanine,0.13125,0.13125,0.0
umbralisib,Nitrogen mustard,0.13125,0.13125,0.0
Uracil mustard,Tioguanine,0.13125,0.13125,0.0
umbralisib,Tioguanine,0.13125,0.13125,0.0
Ceritinib,Trilaciclib,0.13095238095238,0.130952,3.809523799747083e-07
Fluorouracil,Trilaciclib,0.13095238095238,0.130952,3.809523799747083e-07
Crizotinib,Venetoclax,0.129411764705882,0.129412,2.3529411799505517e-07
Imatinib,Ifosfamide,0.129411764705882,0.129412,2.3529411799505517e-07
Palbociclib,Idarubicin,0.129370629370629,0.129371,3.706293710270536e-07
Cisplatin,Idarubicin,0.128787878787878,0.128788,1.2121212200622011e-07
Duvelisib,Everolimus,0.128787878787878,0.128788,1.2121212200622011e-07
Everolimus,Vandetanib,0.128787878787878,0.128788,1.2121212200622011e-07
Irinotecan,Melphalan,0.128787878787878,0.128788,1.2121212200622011e-07
Valrubicin,Trifluridine,0.128787878787878,0.128788,1.2121212200622011e-07
Zanubrutinib,Vandetanib,0.128787878787878,0.128788,1.2121212200622011e-07
Dacomitinib,Pralsetinib,0.128060263653484,0.12806,2.6365348398948996e-07
Methotrexate,Valrubicin,0.127946127946127,0.127946,1.2794612699873475e-07
Belinostat,Dexrazoxane,0.127777777777777,0.127778,2.222222230119364e-07
Belinostat,Tamoxifen,0.127777777777777,0.127778,2.222222230119364e-07
Uracil mustard,Dexrazoxane,0.127777777777777,0.127778,2.222222230119364e-07
umbralisib,Dexrazoxane,0.127777777777777,0.127778,2.222222230119364e-07
Cytarabine,Etoposide,0.126984126984126,0.126984,1.269841259921023e-07
Abiraterone,Erdafitinib,0.125641025641025,0.125641,2.5641024997691275e-08
Abiraterone,Pemigatinib,0.125641025641025,0.125641,2.5641024997691275e-08
Carmustine,Valrubicin,0.12539184952978,0.125392,1.5047022000613808e-07
Actinomycin D,Cisplatin,0.125,0.125,0.0
Actinomycin D,Melphalan,0.125,0.125,0.0
Actinomycin D,tepotinib,0.125,0.125,0.0
Chlorambucil,Daunorubicin,0.125,0.125,0.0
Cisplatin,Mitomycin,0.125,0.125,0.0
Tioguanine,Cyclophosphamide,0.125,0.125,0.0
Ribociclib,Darolutamide,0.125,0.125,0.0
Mitoxantrone,Daunorubicin,0.125,0.125,0.0
Docetaxel,Trifluridine,0.125,0.125,0.0
Melphalan,Fluorouracil,0.125,0.125,0.0
Fluorouracil,Trifluridine,0.125,0.125,0.0
Mitoxantrone,Mitomycin,0.125,0.125,0.0
Abemaciclib,Trilaciclib,0.123809523809523,0.12381,4.761904770084202e-07
Fruquintinib,Erlotinib,0.123167155425219,0.123167,1.5542521900058226e-07
Fruquintinib,Everolimus,0.123167155425219,0.123167,1.5542521900058226e-07
Zanubrutinib,Fruquintinib,0.123167155425219,0.123167,1.5542521900058226e-07
Carmustine,Trilaciclib,0.123152709359605,0.123153,2.9064039500092953e-07
Ixazomib,Arsenic trioxide,0.122727272727272,0.122727,2.7272727200211566e-07
Trametinib,Ixazomib,0.122727272727272,0.122727,2.7272727200211566e-07
Vemurafenib,Ixazomib,0.122727272727272,0.122727,2.7272727200211566e-07
Vorinostat,Dacarbazine,0.122222222222222,0.122222,2.2222222199885788e-07
Neratinib,Allopurinol,0.121794871794871,0.121795,1.2820512899913705e-07
Duvelisib,Ibrutinib,0.121794871794871,0.121795,1.2820512899913705e-07
Ibrutinib,Vandetanib,0.121794871794871,0.121795,1.2820512899913705e-07
Binimetinib,Ixazomib,0.121739130434782,0.121739,1.304347820030305e-07
Hydroxyurea,Paclitaxel,0.121428571428571,0.121429,4.285714289981035e-07
Crizotinib,Tioguanine,0.121323529411764,0.121324,4.7058823600398814e-07
Nitrogen mustard,Ifosfamide,0.121323529411764,0.121324,4.7058823600398814e-07
Tioguanine,Ifosfamide,0.121323529411764,0.121324,4.7058823600398814e-07
Actinomycin D,Methotrexate,0.12037037037037,0.12037,3.7037036999809647e-07
Ceritinib,Methotrexate,0.12037037037037,0.12037,3.7037036999809647e-07
Ceritinib,Selumetinib,0.12037037037037,0.12037,3.7037036999809647e-07
Lomustine,Daunorubicin,0.12037037037037,0.12037,3.7037036999809647e-07
Mercaptopurine,Daunorubicin,0.12037037037037,0.12037,3.7037036999809647e-07
Docetaxel,Mercaptopurine,0.12037037037037,0.12037,3.7037036999809647e-07
Docetaxel,Methotrexate,0.12037037037037,0.12037,3.7037036999809647e-07
Mercaptopurine,Fluorouracil,0.12037037037037,0.12037,3.7037036999809647e-07
Abemaciclib,Palbociclib,0.119230769230769,0.119231,2.3076923100218139e-07
Imatinib,Palbociclib,0.119230769230769,0.119231,2.3076923100218139e-07
Palbociclib,Venetoclax,0.119230769230769,0.119231,2.3076923100218139e-07
umbralisib,Palbociclib,0.119230769230769,0.119231,2.3076923100218139e-07
Cisplatin,Nilotinib,0.119047619047619,0.119048,3.809523810016646e-07
Raloxifene,Cisplatin,0.119047619047619,0.119048,3.809523810016646e-07
Nilotinib,tepotinib,0.119047619047619,0.119048,3.809523810016646e-07
Raloxifene,Trilaciclib,0.119047619047619,0.119048,3.809523810016646e-07
Raloxifene,tepotinib,0.119047619047619,0.119048,3.809523810016646e-07
Belinostat,Lomustine,0.118518518518518,0.118519,4.81481482003665e-07
Belinostat,Mercaptopurine,0.118518518518518,0.118519,4.81481482003665e-07
Belinostat,Methotrexate,0.118518518518518,0.118519,4.81481482003665e-07
Selumetinib,Ixazomib,0.118518518518518,0.118519,4.81481482003665e-07
Uracil mustard,Mercaptopurine,0.118518518518518,0.118519,4.81481482003665e-07
umbralisib,Mercaptopurine,0.118518518518518,0.118519,4.81481482003665e-07
Methotrexate,Uracil mustard,0.118518518518518,0.118519,4.81481482003665e-07
Ribociclib,Carfilzomib,0.118055555555555,0.118056,4.444444449969165e-07
Teniposide,Cytarabine,0.118055555555555,0.118056,4.444444449969165e-07
Tioguanine,Vorinostat,0.118055555555555,0.118056,4.444444449969165e-07
Carmustine,Daunorubicin,0.117816091954022,0.117816,9.195402199402292e-08
Ceritinib,Cobimetinib,0.117816091954022,0.117816,9.195402199402292e-08
Carmustine,Uracil mustard,0.117241379310344,0.117241,3.793103439952983e-07
Cobimetinib,Ixazomib,0.117241379310344,0.117241,3.793103439952983e-07
Valrubicin,Carboplatin,0.116883116883116,0.116883,1.1688311600532852e-07
Hydroxyurea,Idarubicin,0.116883116883116,0.116883,1.1688311600532852e-07
Oxaliplatin,Arsenic trioxide,0.116568914956011,0.116569,8.504398900377463e-08
Abiraterone,Erlotinib,0.116550116550116,0.11655,1.16550116002756e-07
Uracil mustard,Oxaliplatin,0.116129032258064,0.116129,3.225806399775877e-08
Dabrafenib,Ixabepilone,0.11590909090909,0.115909,9.0909090005864e-08
Bleomycin,Chlorambucil,0.114583333333333,0.114583,3.3333333299134793e-07
Mitoxantrone,Bleomycin,0.114583333333333,0.114583,3.3333333299134793e-07
Bleomycin,Vandetanib,0.114583333333333,0.114583,3.3333333299134793e-07
Tioguanine,Chlorambucil,0.114583333333333,0.114583,3.3333333299134793e-07
Mitoxantrone,Cyclophosphamide,0.114583333333333,0.114583,3.3333333299134793e-07
Cyclophosphamide,Trifluridine,0.114583333333333,0.114583,3.3333333299134793e-07
Tioguanine,tepotinib,0.114583333333333,0.114583,3.3333333299134793e-07
Ifosfamide,Dexrazoxane,0.11437908496732,0.114379,8.496731999929619e-08
Methotrexate,Allopurinol,0.113960113960113,0.11396,1.1396011299902309e-07
Uracil mustard,Selpercatinib,0.113513513513513,0.113514,4.864864869974506e-07
Mercaptopurine,Palbociclib,0.113247863247863,0.113248,1.3675213700325983e-07
Actinomycin D,Carboplatin,0.113095238095238,0.113095,2.3809523799767085e-07
Actinomycin D,Etoposide,0.113095238095238,0.113095,2.3809523799767085e-07
Docetaxel,Carboplatin,0.113095238095238,0.113095,2.3809523799767085e-07
Docetaxel,Hydroxyurea,0.113095238095238,0.113095,2.3809523799767085e-07
Cisplatin,Crizotinib,0.112745098039215,0.112745,9.803921499629276e-08
Cisplatin,Ifosfamide,0.112745098039215,0.112745,9.803921499629276e-08
Melphalan,Ifosfamide,0.112745098039215,0.112745,9.803921499629276e-08
Ifosfamide,Trifluridine,0.112745098039215,0.112745,9.803921499629276e-08
Erdafitinib,Brigatinib,0.1125,0.1125,0.0
Imatinib,Dabrafenib,0.1125,0.1125,0.0
Chlorambucil,Dexrazoxane,0.111111111111111,0.111111,1.1111111099249005e-07
Melphalan,Dexrazoxane,0.111111111111111,0.111111,1.1111111099249005e-07
Mitoxantrone,Dexrazoxane,0.111111111111111,0.111111,1.1111111099249005e-07
Trifluridine,Dexrazoxane,0.111111111111111,0.111111,1.1111111099249005e-07
Vorinostat,tepotinib,0.111111111111111,0.111111,1.1111111099249005e-07
Cyclophosphamide,Trilaciclib,0.110119047619047,0.110119,4.761904701111597e-08
Nilotinib,Palbociclib,0.109890109890109,0.10989,1.098901089985338e-07
Ibrutinib,Fruquintinib,0.109181141439205,0.109181,1.414392050008706e-07
Pralsetinib,Abemaciclib,0.108474576271186,0.108475,4.2372881400853935e-07
Uracil mustard,Pralsetinib,0.108474576271186,0.108475,4.2372881400853935e-07
Raloxifene,Mercaptopurine,0.108465608465608,0.108466,3.9153439200523277e-07
Selumetinib,Nilotinib,0.108465608465608,0.108466,3.9153439200523277e-07
Raloxifene,Selumetinib,0.108465608465608,0.108466,3.9153439200523277e-07
Fluorouracil,Dabrafenib,0.108333333333333,0.108333,3.333333330052257e-07
Duvelisib,Zoledronate,0.108333333333333,0.108333,3.333333330052257e-07
Cyclophosphamide,Arsenic trioxide,0.107954545454545,0.107955,4.5454545499756804e-07
Zanubrutinib,Brigatinib,0.107954545454545,0.107955,4.5454545499756804e-07
Teniposide,Idarubicin,0.107954545454545,0.107955,4.5454545499756804e-07
Ribociclib,Ixabepilone,0.107954545454545,0.107955,4.5454545499756804e-07
Raloxifene,Carboplatin,0.107142857142857,0.107143,1.4285714300399377e-07
tepotinib,Trilaciclib,0.107142857142857,0.107143,1.4285714300399377e-07
Duvelisib,Arsenic trioxide,0.106060606060606,0.106061,3.939393940083358e-07
tepotinib,Arsenic trioxide,0.106060606060606,0.106061,3.939393940083358e-07
Nilotinib,Cobimetinib,0.105911330049261,0.105911,3.300492609908945e-07
Raloxifene,Cobimetinib,0.105911330049261,0.105911,3.300492609908945e-07
Paclitaxel,Cytarabine,0.105555555555555,0.105556,4.444444449969165e-07
Erdafitinib,Idelalisib,0.105555555555555,0.105556,4.444444449969165e-07
Pemigatinib,Idelalisib,0.105555555555555,0.105556,4.444444449969165e-07
Binimetinib,tepotinib,0.105072463768115,0.105072,4.637681149943784e-07
Estramustine,Encorafenib,0.104761904761904,0.104762,9.52380959928778e-08
Ribociclib,Actinomycin D,0.104166666666666,0.104167,3.3333333399054865e-07
Ribociclib,Ceritinib,0.104166666666666,0.104167,3.3333333399054865e-07
Ribociclib,Fluorouracil,0.104166666666666,0.104167,3.3333333399054865e-07
Oxaliplatin,Nilotinib,0.1036866359447,0.103687,3.6405530000338526e-07
Neratinib,Dasatinib,0.103333333333333,0.103333,3.333333330052257e-07
Dasatinib,Vandetanib,0.103333333333333,0.103333,3.333333330052257e-07
Vorinostat,Trilaciclib,0.103174603174603,0.103175,3.968253970004776e-07
Bleomycin,Etoposide,0.102678571428571,0.102679,4.285714290119813e-07
Cyclophosphamide,Etoposide,0.102678571428571,0.102679,4.285714290119813e-07
Nitrogen mustard,Etoposide,0.102678571428571,0.102679,4.285714290119813e-07
Palbociclib,Trifluridine,0.102564102564102,0.102564,1.0256410200304433e-07
Binimetinib,Crizotinib,0.102301790281329,0.102302,2.0971867099872643e-07
Mercaptopurine,Chlorambucil,0.101851851851851,0.101852,1.481481489984393e-07
Methotrexate,Chlorambucil,0.101851851851851,0.101852,1.481481489984393e-07
Cisplatin,Lomustine,0.101851851851851,0.101852,1.481481489984393e-07
Melphalan,Lomustine,0.101851851851851,0.101852,1.481481489984393e-07
Mitoxantrone,Lomustine,0.101851851851851,0.101852,1.481481489984393e-07
tepotinib,Lomustine,0.101851851851851,0.101852,1.481481489984393e-07
Mercaptopurine,tepotinib,0.101851851851851,0.101852,1.481481489984393e-07
Mitoxantrone,Methotrexate,0.101851851851851,0.101852,1.481481489984393e-07
Methotrexate,tepotinib,0.101851851851851,0.101852,1.481481489984393e-07
Dexrazoxane,Arsenic trioxide,0.101010101010101,0.10101,1.0101010099183849e-07
Tamoxifen,Arsenic trioxide,0.101010101010101,0.10101,1.0101010099183849e-07
Carfilzomib,Irinotecan,0.101010101010101,0.10101,1.0101010099183849e-07
Idelalisib,Erlotinib,0.101010101010101,0.10101,1.0101010099183849e-07
Everolimus,Idelalisib,0.101010101010101,0.10101,1.0101010099183849e-07
Darolutamide,Allopurinol,0.100961538461538,0.100962,4.61538461990485e-07
Ibrutinib,Brigatinib,0.100961538461538,0.100962,4.61538461990485e-07
Crizotinib,Carboplatin,0.100840336134453,0.10084,3.361344530078414e-07
Carboplatin,Ifosfamide,0.100840336134453,0.10084,3.361344530078414e-07
Crizotinib,Etoposide,0.100840336134453,0.10084,3.361344530078414e-07
Hydroxyurea,Ifosfamide,0.100840336134453,0.10084,3.361344530078414e-07
Carmustine,Chlorambucil,0.100574712643678,0.100575,2.8735632200127537e-07
Carmustine,Cisplatin,0.100574712643678,0.100575,2.8735632200127537e-07
Carmustine,Duvelisib,0.100574712643678,0.100575,2.8735632200127537e-07
Carmustine,Melphalan,0.100574712643678,0.100575,2.8735632200127537e-07
Cyclophosphamide,Lomustine,0.099537037037037,0.099537,3.703703699287075e-08
Mercaptopurine,Cyclophosphamide,0.099537037037037,0.099537,3.703703699287075e-08
Oxaliplatin,Chlorambucil,0.0994623655913978,0.099462,3.655913978078962e-07
Mitoxantrone,Oxaliplatin,0.0994623655913978,0.099462,3.655913978078962e-07
Etoposide,Dexrazoxane,0.0992063492063492,0.099206,3.492063491983277e-07
Nilotinib,Darolutamide,0.0982142857142857,0.098214,2.857142857026762e-07
Ribociclib,Nilotinib,0.0982142857142857,0.098214,2.857142857026762e-07
Raloxifene,Ribociclib,0.0982142857142857,0.098214,2.857142857026762e-07
Raloxifene,Teniposide,0.0982142857142857,0.098214,2.857142857026762e-07
Ceritinib,Carfilzomib,0.0972222222222222,0.097222,2.222222221931469e-07
Carfilzomib,Daunorubicin,0.0972222222222222,0.097222,2.222222221931469e-07
Docetaxel,Cytarabine,0.0972222222222222,0.097222,2.222222221931469e-07
Cytarabine,Fluorouracil,0.0972222222222222,0.097222,2.222222221931469e-07
Vinblastine,Daunorubicin,0.0972222222222222,0.097222,2.222222221931469e-07
Vinblastine,Mitomycin,0.0972222222222222,0.097222,2.222222221931469e-07
Selpercatinib,Chlorambucil,0.0968468468468468,0.096847,1.5315315320119094e-07
Mitoxantrone,Selpercatinib,0.0968468468468468,0.096847,1.5315315320119094e-07
Neratinib,Selpercatinib,0.0968468468468468,0.096847,1.5315315320119094e-07
Raloxifene,Dabrafenib,0.0964285714285714,0.096429,4.285714285956477e-07
Abiraterone,Duvelisib,0.0961538461538461,0.096154,1.538461538996838e-07
Abiraterone,Vandetanib,0.0961538461538461,0.096154,1.538461538996838e-07
Crizotinib,Methotrexate,0.0958605664488017,0.095861,4.335511983033502e-07
Methotrexate,Ifosfamide,0.0958605664488017,0.095861,4.335511983033502e-07
Darolutamide,Dacarbazine,0.0958333333333333,0.095833,3.3333333329665926e-07
Ribociclib,Dacarbazine,0.0958333333333333,0.095833,3.3333333329665926e-07
Paclitaxel,Irinotecan,0.0954545454545454,0.095455,4.545454545951122e-07
Estramustine,Trilaciclib,0.0952380952380952,0.095238,9.52380952018439e-08
Trilaciclib,Etoposide,0.0952380952380952,0.095238,9.52380952018439e-08
Hydroxyurea,Trilaciclib,0.0952380952380952,0.095238,9.52380952018439e-08
Estramustine,Arsenic trioxide,0.0941558441558441,0.094156,1.5584415589964262e-07
Estramustine,Trametinib,0.0941558441558441,0.094156,1.5584415589964262e-07
Estramustine,Vemurafenib,0.0941558441558441,0.094156,1.5584415589964262e-07
Afatinib,Allopurinol,0.094017094017094,0.094017,9.401709399892155e-08
Ibrutinib,Idelalisib,0.094017094017094,0.094017,9.401709399892155e-08
Tamoxifen,Palbociclib,0.094017094017094,0.094017,9.401709399892155e-08
Teniposide,Bleomycin,0.09375,0.09375,0.0
Tioguanine,Darolutamide,0.09375,0.09375,0.0
Ribociclib,Nitrogen mustard,0.09375,0.09375,0.0
Binimetinib,Estramustine,0.093167701863354,0.093168,2.981366459958723e-07
Lomustine,Dexrazoxane,0.0925925925925925,0.092593,4.074074074905676e-07
Mercaptopurine,Dexrazoxane,0.0925925925925925,0.092593,4.074074074905676e-07
Methotrexate,Dexrazoxane,0.0925925925925925,0.092593,4.074074074905676e-07
Tamoxifen,Mercaptopurine,0.0925925925925925,0.092593,4.074074074905676e-07
Selumetinib,Vorinostat,0.0925925925925925,0.092593,4.074074074905676e-07
Darolutamide,Ifosfamide,0.0919117647058823,0.091912,2.3529411768974384e-07
Pralsetinib,Chlorambucil,0.0918079096045197,0.091808,9.039548029554645e-08
Mitoxantrone,Pralsetinib,0.0918079096045197,0.091808,9.039548029554645e-08
Neratinib,Pralsetinib,0.0918079096045197,0.091808,9.039548029554645e-08
Ceritinib,Paclitaxel,0.0916666666666666,0.091667,3.333333333938038e-07
Dabrafenib,Dacarbazine,0.0916666666666666,0.091667,3.333333333938038e-07
Paclitaxel,Daunorubicin,0.0916666666666666,0.091667,3.333333333938038e-07
Paclitaxel,Fluorouracil,0.0916666666666666,0.091667,3.333333333938038e-07
Raloxifene,Carfilzomib,0.0912698412698412,0.09127,1.587301588085177e-07
Zanubrutinib,Everolimus,0.0909090909090909,0.090909,9.090909089404242e-08
Darolutamide,Dexrazoxane,0.0902777777777777,0.090278,2.2222222229029143e-07
Tamoxifen,Darolutamide,0.0902777777777777,0.090278,2.2222222229029143e-07
Vorinostat,Darolutamide,0.0902777777777777,0.090278,2.2222222229029143e-07
Teniposide,Dexrazoxane,0.0902777777777777,0.090278,2.2222222229029143e-07
Ribociclib,Vorinostat,0.0902777777777777,0.090278,2.2222222229029143e-07
Carmustine,Dexrazoxane,0.0900383141762452,0.090038,3.1417624518637055e-07
Vorinostat,Cobimetinib,0.0900383141762452,0.090038,3.1417624518637055e-07
Estramustine,Lomustine,0.0899470899470899,0.089947,8.994708990128775e-08
Estramustine,Selumetinib,0.0899470899470899,0.089947,8.994708990128775e-08
Lomustine,Etoposide,0.0899470899470899,0.089947,8.994708990128775e-08
Methotrexate,Etoposide,0.0899470899470899,0.089947,8.994708990128775e-08
Carmustine,Estramustine,0.0886699507389162,0.08867,4.92610837954377e-08
Carmustine,Etoposide,0.0886699507389162,0.08867,4.92610837954377e-08
Estramustine,Cobimetinib,0.0886699507389162,0.08867,4.92610837954377e-08
Actinomycin D,Idarubicin,0.0871212121212121,0.087121,2.1212121209535084e-07
Irinotecan,Fluorouracil,0.0871212121212121,0.087121,2.1212121209535084e-07
Cytarabine,Cyclophosphamide,0.0868055555555555,0.086806,4.4444444449731613e-07
Vinblastine,Tioguanine,0.0868055555555555,0.086806,4.4444444449731613e-07
Darolutamide,Trilaciclib,0.0863095238095238,0.08631,4.761904762035085e-07
Paclitaxel,Nilotinib,0.0857142857142857,0.085714,2.857142857026762e-07
Ribociclib,Arsenic trioxide,0.0852272727272727,0.085227,2.7272727269600505e-07
Selpercatinib,Etoposide,0.0849420849420849,0.084942,8.494208489362443e-08
Estramustine,Dabrafenib,0.0839285714285714,0.083929,4.2857142860952546e-07
Paclitaxel,Dacarbazine,0.0833333333333333,0.083333,3.3333333329665926e-07
Actinomycin D,Ceritinib,0.0833333333333333,0.083333,3.3333333329665926e-07
Actinomycin D,Mitomycin,0.0833333333333333,0.083333,3.3333333329665926e-07
Carfilzomib,Tamoxifen,0.0833333333333333,0.083333,3.3333333329665926e-07
Cytarabine,Dexrazoxane,0.0833333333333333,0.083333,3.3333333329665926e-07
Docetaxel,Daunorubicin,0.0833333333333333,0.083333,3.3333333329665926e-07
Fluorouracil,Daunorubicin,0.0833333333333333,0.083333,3.3333333329665926e-07
Docetaxel,Fluorouracil,0.0833333333333333,0.083333,3.3333333329665926e-07
Vinblastine,Vorinostat,0.0833333333333333,0.083333,3.3333333329665926e-07
Methotrexate,Arsenic trioxide,0.0824915824915824,0.082492,4.1750841760224144e-07
Darolutamide,Palbociclib,0.0817307692307692,0.081731,2.3076923079401457e-07
Teniposide,Palbociclib,0.0817307692307692,0.081731,2.3076923079401457e-07
Raloxifene,Valrubicin,0.0811688311688311,0.081169,1.6883116890631378e-07
Mercaptopurine,Darolutamide,0.0810185185185185,0.081019,4.814814814901869e-07
Ribociclib,Lomustine,0.0810185185185185,0.081019,4.814814814901869e-07
Ribociclib,Methotrexate,0.0810185185185185,0.081019,4.814814814901869e-07
Tamoxifen,Dabrafenib,0.0805555555555555,0.080556,4.4444444449731613e-07
Zoledronate,Idelalisib,0.0805555555555555,0.080556,4.4444444449731613e-07
Pralsetinib,Etoposide,0.0799031476997578,0.079903,1.4769975779926892e-07
Oxaliplatin,Trilaciclib,0.0798771121351766,0.079877,1.121351766025791e-07
Carmustine,Teniposide,0.0797413793103448,0.079741,3.7931034480021e-07
Irinotecan,Dacarbazine,0.0787878787878788,0.078788,1.2121212120130842e-07
Ixabepilone,Dacarbazine,0.0787878787878788,0.078788,1.2121212120130842e-07
Oxaliplatin,Darolutamide,0.0786290322580645,0.078629,3.225806449735913e-08
Idelalisib,Arsenic trioxide,0.0782828282828282,0.078283,1.7171717180131107e-07
Paclitaxel,Vorinostat,0.0777777777777777,0.077778,2.2222222230416921e-07
Valrubicin,Bleomycin,0.0767045454545454,0.076705,4.545454545951122e-07
Irinotecan,Cyclophosphamide,0.0767045454545454,0.076705,4.545454545951122e-07
Cyclophosphamide,Ixabepilone,0.0767045454545454,0.076705,4.545454545951122e-07
Tioguanine,Ixabepilone,0.0767045454545454,0.076705,4.545454545951122e-07
Teniposide,Selpercatinib,0.0760135135135135,0.076014,4.864864864978502e-07
Dasatinib,Afatinib,0.0755555555555555,0.075556,4.4444444449731613e-07
Abiraterone,Brigatinib,0.0753205128205128,0.075321,4.871794871963431e-07
Actinomycin D,Dacarbazine,0.075,0.075,0.0
Mitomycin,Dacarbazine,0.075,0.075,0.0
Crizotinib,Idarubicin,0.0748663101604278,0.074866,3.101604277994108e-07
Ifosfamide,Idarubicin,0.0748663101604278,0.074866,3.101604277994108e-07
Ifosfamide,Ixabepilone,0.0748663101604278,0.074866,3.101604277994108e-07
Nilotinib,Allopurinol,0.0741758241758241,0.074176,1.7582417589923072e-07
Methotrexate,Selumetinib,0.074074074074074,0.074074,7.40740739996193e-08
Vinblastine,Selumetinib,0.074074074074074,0.074074,7.40740739996193e-08
Valrubicin,Dexrazoxane,0.0732323232323232,0.073232,3.232323231988632e-07
Lenvatinib,Erlotinib,0.0732323232323232,0.073232,3.232323231988632e-07
Carmustine,Palbociclib,0.0729442970822281,0.072944,2.9708222810953533e-07
Actinomycin D,Tioguanine,0.0729166666666666,0.072917,3.333333333938038e-07
Ceritinib,Tioguanine,0.0729166666666666,0.072917,3.333333333938038e-07
Fluorouracil,Cyclophosphamide,0.0729166666666666,0.072917,3.333333333938038e-07
Tioguanine,Daunorubicin,0.0729166666666666,0.072917,3.333333333938038e-07
Docetaxel,Tioguanine,0.0729166666666666,0.072917,3.333333333938038e-07
Tioguanine,Fluorouracil,0.0729166666666666,0.072917,3.333333333938038e-07
Carmustine,Idelalisib,0.0727969348659003,0.072797,6.513409969710615e-08
Vinblastine,Cobimetinib,0.0727969348659003,0.072797,6.513409969710615e-08
Fruquintinib,Idelalisib,0.07168458781362,0.071685,4.12186379999957e-07
Carmustine,Selumetinib,0.0715197956577266,0.07152,2.043422733938316e-07
Methotrexate,Cobimetinib,0.0715197956577266,0.07152,2.043422733938316e-07
Abiraterone,Arsenic trioxide,0.0710955710955711,0.071096,4.2890442890353153e-07
Crizotinib,Daunorubicin,0.071078431372549,0.071078,4.313725490007192e-07
Docetaxel,Crizotinib,0.071078431372549,0.071078,4.313725490007192e-07
Crizotinib,Mitomycin,0.071078431372549,0.071078,4.313725490007192e-07
Mitomycin,Ifosfamide,0.071078431372549,0.071078,4.313725490007192e-07
Teniposide,Pralsetinib,0.0709745762711864,0.070975,4.237288135922057e-07
Zoledronate,Erlotinib,0.0704545454545454,0.070455,4.5454545460899e-07
Nitrogen mustard,Allopurinol,0.0697115384615384,0.069712,4.615384616019069e-07
Actinomycin D,Dexrazoxane,0.0694444444444444,0.069444,4.444444444001716e-07
Mitomycin,Dexrazoxane,0.0694444444444444,0.069444,4.444444444001716e-07
Tamoxifen,Fluorouracil,0.0694444444444444,0.069444,4.444444444001716e-07
Trilaciclib,Ixabepilone,0.0692640692640692,0.069264,6.926406918850159e-08
Paclitaxel,Palbociclib,0.0692307692307692,0.069231,2.3076923079401457e-07
Selpercatinib,Afatinib,0.069069069069069,0.069069,6.906906899195597e-08
Selpercatinib,Idelalisib,0.069069069069069,0.069069,6.906906899195597e-08
Raloxifene,Dacarbazine,0.069047619047619,0.069048,3.809523810016646e-07
Encorafenib,Nilotinib,0.069047619047619,0.069048,3.809523810016646e-07
Carmustine,Cobimetinib,0.0689655172413793,0.068966,4.827586207040158e-07
Paclitaxel,Selumetinib,0.0685185185185185,0.068519,4.814814814901869e-07
Irinotecan,Arsenic trioxide,0.0681818181818181,0.068182,1.8181818191298493e-07
Trametinib,Ixabepilone,0.0681818181818181,0.068182,1.8181818191298493e-07
Vinblastine,Dabrafenib,0.0680555555555555,0.068056,4.444444445111939e-07
Paclitaxel,Cobimetinib,0.0672413793103448,0.067241,3.7931034480021e-07
Binimetinib,Ixabepilone,0.067193675889328,0.067194,3.241106720092146e-07
Raloxifene,Cyclophosphamide,0.0669642857142857,0.066964,2.857142857026762e-07
Raloxifene,Tioguanine,0.0669642857142857,0.066964,2.857142857026762e-07
Allopurinol,Dexrazoxane,0.0662393162393162,0.066239,3.1623931619206846e-07
Vorinostat,Allopurinol,0.0662393162393162,0.066239,3.1623931619206846e-07
Nilotinib,Ifosfamide,0.065126050420168,0.065126,5.042016799905458e-08
Irinotecan,Palbociclib,0.0646853146853146,0.064685,3.1468531459799554e-07
Palbociclib,Ixabepilone,0.0646853146853146,0.064685,3.1468531459799554e-07
Valrubicin,Palbociclib,0.0646853146853146,0.064685,3.1468531459799554e-07
Cyclophosphamide,Dacarbazine,0.0645833333333333,0.064583,3.3333333329665926e-07
Daunorubicin,Arsenic trioxide,0.0643939393939393,0.064394,6.060606071167651e-08
Trametinib,Ceritinib,0.0643939393939393,0.064394,6.060606071167651e-08
Pralsetinib,Afatinib,0.064030131826742,0.06403,1.3182674199474498e-07
Mercaptopurine,Idarubicin,0.0639730639730639,0.063973,6.397306390182322e-08
Selumetinib,Ixabepilone,0.0639730639730639,0.063973,6.397306390182322e-08
Nilotinib,Dexrazoxane,0.0634920634920634,0.063492,6.349206339850699e-08
Raloxifene,Dexrazoxane,0.0634920634920634,0.063492,6.349206339850699e-08
Binimetinib,Ceritinib,0.0634057971014492,0.063406,2.028985508079062e-07
Encorafenib,Crizotinib,0.0627450980392156,0.062745,9.803921560691542e-08
Cobimetinib,Ixabepilone,0.0626959247648902,0.062696,7.523510979490222e-08
Paclitaxel,Dabrafenib,0.0625,0.0625,0.0
Tioguanine,Nitrogen mustard,0.0625,0.0625,0.0
Methotrexate,Dabrafenib,0.062037037037037,0.062037,3.703703699980965e-08
Tamoxifen,Dacarbazine,0.0611111111111111,0.061111,1.1111111110351235e-07
Encorafenib,Vorinostat,0.0611111111111111,0.061111,1.1111111110351235e-07
Palbociclib,Daunorubicin,0.0608974358974358,0.060897,4.3589743579930396e-07
Mitomycin,Palbociclib,0.0608974358974358,0.060897,4.3589743579930396e-07
Bleomycin,Ifosfamide,0.0606617647058823,0.060662,2.3529411770362163e-07
Crizotinib,Nitrogen mustard,0.0606617647058823,0.060662,2.3529411770362163e-07
Cyclophosphamide,Ifosfamide,0.0606617647058823,0.060662,2.3529411770362163e-07
Actinomycin D,Selumetinib,0.0601851851851851,0.060185,1.8518518509619275e-07
Ceritinib,Lomustine,0.0601851851851851,0.060185,1.8518518509619275e-07
Mitomycin,Lomustine,0.0601851851851851,0.060185,1.8518518509619275e-07
Nilotinib,Trilaciclib,0.0595238095238095,0.059524,1.904761905008323e-07
Cyclophosphamide,Vorinostat,0.0590277777777777,0.059028,2.2222222229723032e-07
Tioguanine,Tamoxifen,0.0590277777777777,0.059028,2.2222222229723032e-07
Valrubicin,Selpercatinib,0.0589680589680589,0.058968,5.8968058901098797e-08
Actinomycin D,Cobimetinib,0.0589080459770114,0.058908,4.5977011399467305e-08
Carmustine,Ceritinib,0.0589080459770114,0.058908,4.5977011399467305e-08
Carmustine,Fluorouracil,0.0589080459770114,0.058908,4.5977011399467305e-08
Carmustine,Mitomycin,0.0589080459770114,0.058908,4.5977011399467305e-08
Vemurafenib,Nilotinib,0.0584415584415584,0.058442,4.4155844160231883e-07
Mitomycin,Oxaliplatin,0.0577956989247311,0.057796,3.0107526890338354e-07
Palbociclib,Allopurinol,0.0576923076923076,0.057692,3.076923075981397e-07
Oxaliplatin,Dabrafenib,0.057258064516129,0.057258,6.451612899471826e-08
Trilaciclib,Dacarbazine,0.0571428571428571,0.057143,1.4285714289991036e-07
Dacarbazine,Arsenic trioxide,0.056060606060606,0.056061,3.939393940013969e-07
Nitrogen mustard,Trilaciclib,0.0550595238095238,0.05506,4.761904761965696e-07
Oxaliplatin,Allopurinol,0.0545905707196029,0.054591,4.292803970976089e-07
Tioguanine,Arsenic trioxide,0.0539772727272727,0.053977,2.7272727270294395e-07
Valrubicin,Pralsetinib,0.0539291217257318,0.053929,1.217257317998044e-07
Trilaciclib,Ifosfamide,0.0532212885154061,0.053221,2.8851540610080884e-07
Trametinib,Crizotinib,0.052139037433155,0.052139,3.7433154999322316e-08
Crizotinib,Vemurafenib,0.052139037433155,0.052139,3.7433154999322316e-08
Selumetinib,Dacarbazine,0.0518518518518518,0.051852,1.481481482004665e-07
Abiraterone,Ibrutinib,0.0512820512820512,0.051282,5.1282051195811196e-08
Cobimetinib,Dacarbazine,0.0505747126436781,0.050575,2.8735632190413085e-07
Vorinostat,Arsenic trioxide,0.0505050505050505,0.050505,5.0505050495919246e-08
Trametinib,Tamoxifen,0.0505050505050505,0.050505,5.0505050495919246e-08
Vemurafenib,Tamoxifen,0.0505050505050505,0.050505,5.0505050495919246e-08
Vemurafenib,Vorinostat,0.0505050505050505,0.050505,5.0505050495919246e-08
Cyclophosphamide,Palbociclib,0.0504807692307692,0.050481,2.3076923080095346e-07
Tioguanine,Palbociclib,0.0504807692307692,0.050481,2.3076923080095346e-07
Methotrexate,Cyclophosphamide,0.0497685185185185,0.049769,4.814814815040647e-07
Tioguanine,Selumetinib,0.0497685185185185,0.049769,4.814814815040647e-07
Binimetinib,Tamoxifen,0.0495169082125603,0.049517,9.178743969745495e-08
Carmustine,Bleomycin,0.0484913793103448,0.048491,3.7931034480021e-07
Tioguanine,Cobimetinib,0.0484913793103448,0.048491,3.7931034480021e-07
Mercaptopurine,Ifosfamide,0.0479302832244008,0.04793,2.832244008002527e-07
Zoledronate,Arsenic trioxide,0.0477272727272727,0.047727,2.7272727270294395e-07
Oxaliplatin,Cyclophosphamide,0.0473790322580645,0.047379,3.225806450429802e-08
Trilaciclib,Arsenic trioxide,0.0465367965367965,0.046537,2.0346320350056457e-07
Abiraterone,Encorafenib,0.0461538461538461,0.046154,1.538461538996838e-07
Selpercatinib,Ifosfamide,0.0429252782193958,0.042925,2.7821939579952826e-07
Trilaciclib,Lomustine,0.0423280423280423,0.042328,4.23280423003658e-08
Methotrexate,Trilaciclib,0.0423280423280423,0.042328,4.23280423003658e-08
Carmustine,Zoledronate,0.0422413793103448,0.042241,3.7931034480021e-07
Palbociclib,Arsenic trioxide,0.0419580419580419,0.041958,4.195804189505159e-08
Mercaptopurine,Arsenic trioxide,0.0412457912457912,0.041246,2.0875420880112072e-07
Selumetinib,Arsenic trioxide,0.0412457912457912,0.041246,2.0875420880112072e-07
Cobimetinib,Arsenic trioxide,0.0399686520376175,0.039969,3.4796238249784617e-07
Fruquintinib,Trilaciclib,0.0399385560675883,0.039939,4.439324116992105e-07
Pralsetinib,Ifosfamide,0.0378863409770687,0.037886,3.4097706869823385e-07
Palbociclib,Lomustine,0.0377492877492877,0.037749,2.8774928770292085e-07
Selumetinib,Palbociclib,0.0377492877492877,0.037749,2.8774928770292085e-07
Selumetinib,Lomustine,0.037037037037037,0.037037,3.703703699980965e-08
Selumetinib,Mercaptopurine,0.037037037037037,0.037037,3.703703699980965e-08
Abiraterone,Trilaciclib,0.0366300366300366,0.03663,3.66300365942096e-08
Cobimetinib,Palbociclib,0.036472148541114,0.036472,1.4854111399925651e-07
Cobimetinib,Lomustine,0.0357598978288633,0.03576,1.021711366969158e-07
Mercaptopurine,Cobimetinib,0.0357598978288633,0.03576,1.021711366969158e-07
Abiraterone,Vemurafenib,0.0355477855477855,0.035548,2.1445221450033802e-07
Selumetinib,Oxaliplatin,0.034647550776583,0.034648,4.4922341699976664e-07
Abiraterone,Binimetinib,0.0345596432552954,0.03456,3.567447046035066e-07
Oxaliplatin,Cobimetinib,0.0333704115684093,0.03337,4.11568409304508e-07
Dabrafenib,Palbociclib,0.0317307692307692,0.031731,2.3076923080095346e-07
Abiraterone,Selumetinib,0.0313390313390313,0.031339,3.1339031300592346e-08
Mercaptopurine,Dabrafenib,0.0310185185185185,0.031019,4.814814815005952e-07
Carmustine,Selpercatinib,0.0307548928238583,0.030755,1.0717614170110967e-07
Abiraterone,Carmustine,0.0300618921308576,0.030062,1.0786914239960255e-07
Abiraterone,Cobimetinib,0.0300618921308576,0.030062,1.0786914239960255e-07
Carmustine,Pralsetinib,0.0257159555815312,0.025716,4.441846879893463e-08
